{
  "customer": [
    {
      "customer_id": "5435fa4a-0272-434c-a367-f1aba4bc2f71",
      "customer_name": "Jake Wright-Patel",
      "email": "tmason@example.org",
      "country": "Atque neque molestias.",
      "age": 75,
      "is_premium": false,
      "customer_tier": "Architecto at necessitatibus officiis quam."
    },
    {
      "customer_id": "9fbb4ebf-7b99-4e53-8d99-afb0579265a1",
      "customer_name": "Miss Joanne Morris",
      "email": "zgriffin@example.com",
      "country": "Consequatur tempora sapiente quis earum.",
      "age": 25,
      "is_premium": true,
      "customer_tier": "illum"
    },
    {
      "customer_id": "29b92ac1-c7f4-4f34-9323-30d662d705b8",
      "customer_name": "Dr Andrea Griffiths",
      "email": "june47@example.net",
      "country": "Placeat quis nam quam similique ipsam iure.",
      "age": 88,
      "is_premium": false,
      "customer_tier": "Ab dolores laudantium voluptatum."
    },
    {
      "customer_id": "d9905cb8-a1c1-43cd-8dad-3bef49eda450",
      "customer_name": "William Thomas",
      "email": "stanleymay@example.net",
      "country": "Aliquid laborum et a error.",
      "age": 22,
      "is_premium": false,
      "customer_tier": "Eveniet tempora illo molestias."
    },
    {
      "customer_id": "01c9e00c-968c-4bd1-9347-1aa3131d3bae",
      "customer_name": "Mrs Kathleen Sharpe",
      "email": "junephillips@example.org",
      "country": "Minima impedit voluptas sapiente.",
      "age": 74,
      "is_premium": true,
      "customer_tier": "mollitia"
    },
    {
      "customer_id": "81105434-ab86-4a5e-9ce8-09b12317831c",
      "customer_name": "Mr Tom Brown",
      "email": "npatel@example.com",
      "country": "Nulla adipisci saepe.",
      "age": 36,
      "is_premium": true,
      "customer_tier": "omnis"
    },
    {
      "customer_id": "e6d48918-97f6-4fc1-9d2d-240be8f8e5a5",
      "customer_name": "Sandra Perry",
      "email": "kelly19@example.com",
      "country": "Vero quia sunt. Ut quas nam quae aliquam.",
      "age": 46,
      "is_premium": false,
      "customer_tier": "Aliquam sed id autem dolorem culpa voluptates ut."
    },
    {
      "customer_id": "21073ec9-1924-42ab-8e59-b8446a71eb05",
      "customer_name": "Rosemary White",
      "email": "ann92@example.net",
      "country": "Ipsa quo a mollitia perspiciatis aperiam.",
      "age": 32,
      "is_premium": true,
      "customer_tier": "dolore"
    },
    {
      "customer_id": "220c6357-70ca-41a3-9172-cb7f163d7cac",
      "customer_name": "Ms Debra Stevens",
      "email": "wwalker@example.net",
      "country": "Minus reiciendis excepturi maxime.",
      "age": 53,
      "is_premium": true,
      "customer_tier": "itaque"
    },
    {
      "customer_id": "eb84adb6-480e-4053-8cab-07ab18e76159",
      "customer_name": "Dr Nicholas Williams",
      "email": "oliver00@example.net",
      "country": "Quaerat dicta quaerat placeat.",
      "age": 77,
      "is_premium": true,
      "customer_tier": "qui"
    },
    {
      "customer_id": "147343a0-de7b-4077-8eb3-c83998ee2cf8",
      "customer_name": "Henry Sanderson-Dodd",
      "email": "ritajones@example.com",
      "country": "Id cupiditate quod alias reprehenderit.",
      "age": 88,
      "is_premium": true,
      "customer_tier": "cum"
    },
    {
      "customer_id": "448797dd-77cf-49c7-ade2-346c8a0cd87a",
      "customer_name": "Alison Edwards",
      "email": "jemma57@example.net",
      "country": "A nihil perferendis similique voluptatum.",
      "age": 22,
      "is_premium": true,
      "customer_tier": "velit"
    },
    {
      "customer_id": "dcb77614-a5e0-4fed-9c4b-a811672dd22a",
      "customer_name": "Lorraine Price",
      "email": "nicole44@example.com",
      "country": "Officia vel eligendi maxime minus.",
      "age": 57,
      "is_premium": true,
      "customer_tier": "nisi"
    },
    {
      "customer_id": "6f7e238c-9288-4eb8-98fc-b2b3513410f0",
      "customer_name": "Anne Taylor",
      "email": "jodie88@example.net",
      "country": "Delectus aliquid quo necessitatibus.",
      "age": 27,
      "is_premium": false,
      "customer_tier": "Provident hic omnis quo eius nihil distinctio."
    },
    {
      "customer_id": "29937ee9-1f3f-4d9e-8d33-14d8d4d84239",
      "customer_name": "Clare King",
      "email": "gthomas@example.net",
      "country": "A dignissimos tenetur in harum blanditiis.",
      "age": 26,
      "is_premium": true,
      "customer_tier": "porro"
    },
    {
      "customer_id": "0b6c2bf2-0ea3-4ef6-8c42-145b7b48c934",
      "customer_name": "Miss Lynn Brookes",
      "email": "sophie50@example.org",
      "country": "Eligendi est quam nemo vitae commodi sequi.",
      "age": 39,
      "is_premium": false,
      "customer_tier": "Ipsam fuga assumenda."
    },
    {
      "customer_id": "0e58017b-aa82-497c-a2e2-ee1cbe58a170",
      "customer_name": "Nicholas Jackson-Pugh",
      "email": "annette18@example.org",
      "country": "Dolorum iusto consequatur labore modi rerum.",
      "age": 30,
      "is_premium": true,
      "customer_tier": "repellat"
    },
    {
      "customer_id": "38845d28-2285-416b-864a-1d0a83638a4f",
      "customer_name": "Naomi Clarke",
      "email": "hspencer@example.com",
      "country": "Repellat sint eius non harum.",
      "age": 65,
      "is_premium": false,
      "customer_tier": "Tenetur consequuntur pariatur voluptatem quam."
    },
    {
      "customer_id": "51980cf9-160f-4ead-8eb2-876784e1bb98",
      "customer_name": "Robert Kaur",
      "email": "billyhill@example.net",
      "country": "Excepturi quis blanditiis amet.",
      "age": 37,
      "is_premium": true,
      "customer_tier": "neque"
    },
    {
      "customer_id": "c4b40f26-8dd2-494b-a47b-641a04940407",
      "customer_name": "Ian Taylor",
      "email": "nbailey@example.com",
      "country": "Quos non placeat dicta vitae.",
      "age": 63,
      "is_premium": true,
      "customer_tier": "dolore"
    },
    {
      "customer_id": "2071b950-b8c5-4b22-85b9-2753249da1b9",
      "customer_name": "Leslie Bailey",
      "email": "tsmith@example.net",
      "country": "Nam doloribus rerum.",
      "age": 33,
      "is_premium": true,
      "customer_tier": "numquam"
    },
    {
      "customer_id": "792c96d0-df3f-4362-ad0a-975b93064db0",
      "customer_name": "Ms Julie Booth",
      "email": "janet69@example.net",
      "country": "Nemo rem cupiditate quo. Excepturi eius ex sequi.",
      "age": 32,
      "is_premium": true,
      "customer_tier": "aliquam"
    },
    {
      "customer_id": "2a44a880-36ae-4819-bdef-8dfb3ba5002e",
      "customer_name": "Kyle Green",
      "email": "victor34@example.org",
      "country": "Ex dolorum soluta facilis debitis quia.",
      "age": 57,
      "is_premium": false,
      "customer_tier": "Voluptatum eveniet eos. At hic neque."
    },
    {
      "customer_id": "00507db6-1369-41bf-8ecb-c01ef99f4b00",
      "customer_name": "Nicole Roberts",
      "email": "stephanie55@example.net",
      "country": "Nisi assumenda quisquam.",
      "age": 87,
      "is_premium": false,
      "customer_tier": "Aut veniam recusandae velit."
    },
    {
      "customer_id": "a1a88dcb-9f60-4619-9789-db0a919d8ea8",
      "customer_name": "Billy Burgess-Harding",
      "email": "humphreysjack@example.com",
      "country": "Consequuntur odit inventore repudiandae.",
      "age": 65,
      "is_premium": true,
      "customer_tier": "fugit"
    },
    {
      "customer_id": "aa161a09-9b7d-49e2-8525-a5daa7db3bd4",
      "customer_name": "Mr Joel Arnold",
      "email": "johnstonalison@example.org",
      "country": "Odit numquam deserunt consequuntur nam ab.",
      "age": 78,
      "is_premium": true,
      "customer_tier": "dolor"
    },
    {
      "customer_id": "6f461121-8611-496b-a52e-e1c35a621b49",
      "customer_name": "Mr Clive Ali",
      "email": "vward@example.org",
      "country": "Sequi id repellat nisi ea qui.",
      "age": 39,
      "is_premium": false,
      "customer_tier": "Eius consequuntur accusamus eum."
    },
    {
      "customer_id": "022805c5-7433-4e77-b8dc-d6a09982a79f",
      "customer_name": "Kim Cook",
      "email": "francischarles@example.com",
      "country": "Tempora asperiores ipsam numquam porro ab.",
      "age": 28,
      "is_premium": true,
      "customer_tier": "quae"
    },
    {
      "customer_id": "c5798382-ddd7-4f78-873f-cd60d7c149a7",
      "customer_name": "Dr Cameron Wilson",
      "email": "whitekirsty@example.org",
      "country": "Sit nobis quo officiis nesciunt magnam.",
      "age": 37,
      "is_premium": false,
      "customer_tier": "A explicabo iusto voluptas."
    },
    {
      "customer_id": "456fb957-2319-4c82-be57-af5dc860c9a4",
      "customer_name": "Dorothy Murphy-Bowen",
      "email": "anoble@example.net",
      "country": "Placeat esse unde nulla error.",
      "age": 49,
      "is_premium": true,
      "customer_tier": "doloremque"
    },
    {
      "customer_id": "06d2dffe-0eb2-4086-aa23-ac5ee020114f",
      "customer_name": "Miss Amber Black",
      "email": "lynn77@example.org",
      "country": "Quas autem error ad commodi aliquam quo.",
      "age": 78,
      "is_premium": true,
      "customer_tier": "delectus"
    },
    {
      "customer_id": "07e5fb1d-ef86-42d6-ab71-1593036269bd",
      "customer_name": "Callum Wood",
      "email": "louise70@example.org",
      "country": "Iusto ipsam facere amet possimus omnis.",
      "age": 72,
      "is_premium": true,
      "customer_tier": "consequuntur"
    },
    {
      "customer_id": "63e1aaeb-2c2e-4ff8-a92b-8c8d1a8e137f",
      "customer_name": "Ms Paula Stephens",
      "email": "benjamin44@example.net",
      "country": "Quae aut aliquam.",
      "age": 34,
      "is_premium": false,
      "customer_tier": "Ratione perferendis ullam asperiores."
    },
    {
      "customer_id": "83d8f3b4-1165-4f1b-8480-867eacdbbaaf",
      "customer_name": "Georgina White",
      "email": "paulajames@example.com",
      "country": "Deserunt labore distinctio.",
      "age": 86,
      "is_premium": true,
      "customer_tier": "tempora"
    },
    {
      "customer_id": "027642e3-3f7f-4f26-be72-f4b437b0a726",
      "customer_name": "Jamie Holmes",
      "email": "fmurray@example.org",
      "country": "Eaque fuga commodi unde. Minima dolorum sapiente.",
      "age": 72,
      "is_premium": true,
      "customer_tier": "odit"
    },
    {
      "customer_id": "6ad402b9-468a-46fb-bdc6-efa845907849",
      "customer_name": "Mr James Stevens",
      "email": "ann80@example.com",
      "country": "Qui voluptates ab quaerat.",
      "age": 50,
      "is_premium": true,
      "customer_tier": "sequi"
    },
    {
      "customer_id": "1e8da896-7c5c-438c-af54-c4f99d91cc2b",
      "customer_name": "Mr Henry Edwards",
      "email": "joannawilson@example.com",
      "country": "Quasi eligendi quidem nulla commodi.",
      "age": 29,
      "is_premium": true,
      "customer_tier": "similique"
    },
    {
      "customer_id": "59d4b715-126c-44a9-b90e-75385528158f",
      "customer_name": "Lesley Mann-Smith",
      "email": "amy38@example.com",
      "country": "Maxime dolorum atque quidem.",
      "age": 26,
      "is_premium": true,
      "customer_tier": "eos"
    },
    {
      "customer_id": "d09469b6-4ff6-4c52-ba63-d5e888576415",
      "customer_name": "Timothy Lee",
      "email": "hiltoncraig@example.org",
      "country": "Soluta esse omnis velit.",
      "age": 78,
      "is_premium": true,
      "customer_tier": "suscipit"
    },
    {
      "customer_id": "bf9d21be-5c14-4cb5-ad1f-fae3f841c16b",
      "customer_name": "Mr Stuart Ward",
      "email": "simon34@example.org",
      "country": "Tempore sit eum.",
      "age": 36,
      "is_premium": false,
      "customer_tier": "Eveniet expedita iusto."
    },
    {
      "customer_id": "cc236931-3a78-462a-bfb4-e4a45a564994",
      "customer_name": "Carl Hall",
      "email": "kimberleybarnes@example.net",
      "country": "Deleniti nobis illo ipsam at.",
      "age": 28,
      "is_premium": false,
      "customer_tier": "Magni eaque at pariatur voluptate."
    },
    {
      "customer_id": "1a062f60-0a12-42c7-906b-8e59485e0fc1",
      "customer_name": "Janet Stewart",
      "email": "david11@example.org",
      "country": "Sequi accusamus quas magni dicta magni.",
      "age": 33,
      "is_premium": true,
      "customer_tier": "velit"
    },
    {
      "customer_id": "0a81c381-230d-4168-b959-cd87b5a9ae5c",
      "customer_name": "Owen Hurst",
      "email": "greenwoodmarilyn@example.net",
      "country": "Consectetur id quae atque.",
      "age": 54,
      "is_premium": false,
      "customer_tier": "Repellendus sequi nisi laborum."
    },
    {
      "customer_id": "7e086260-823b-46d0-8219-4d6a86403004",
      "customer_name": "Phillip Wilson",
      "email": "wallisamber@example.com",
      "country": "Voluptas beatae repellendus adipisci.",
      "age": 47,
      "is_premium": false,
      "customer_tier": "Facilis aliquam modi."
    },
    {
      "customer_id": "ef824eab-dfe9-4035-9ec8-e3a337f08546",
      "customer_name": "Andrew Berry",
      "email": "darrenjones@example.org",
      "country": "Tenetur quasi reiciendis itaque sunt.",
      "age": 50,
      "is_premium": false,
      "customer_tier": "Totam numquam ducimus tenetur vitae."
    },
    {
      "customer_id": "1ac05dac-d666-4944-b74b-9296b5404d93",
      "customer_name": "Mrs Marian Day",
      "email": "pfraser@example.net",
      "country": "Incidunt error optio officiis nisi harum.",
      "age": 72,
      "is_premium": true,
      "customer_tier": "eaque"
    },
    {
      "customer_id": "54e2068d-5f1b-4024-8190-bd89d1381cb3",
      "customer_name": "Nathan Taylor",
      "email": "sam90@example.org",
      "country": "Enim beatae natus id a maiores recusandae.",
      "age": 51,
      "is_premium": true,
      "customer_tier": "harum"
    },
    {
      "customer_id": "0ba2a599-e6d1-40b0-8cea-81926c613886",
      "customer_name": "Mrs Paige Robinson",
      "email": "stevenhussain@example.com",
      "country": "Debitis quisquam culpa odit dolorem vitae sint.",
      "age": 59,
      "is_premium": false,
      "customer_tier": "Ut architecto eligendi libero quia."
    },
    {
      "customer_id": "16c37643-c636-4997-9f4a-e61481f0a88d",
      "customer_name": "Dr Kenneth Cameron",
      "email": "deborahreid@example.com",
      "country": "Cumque officia esse natus modi a accusamus.",
      "age": 72,
      "is_premium": false,
      "customer_tier": "Quis voluptate labore provident rem."
    },
    {
      "customer_id": "bf3011a4-fbb4-4d77-84aa-50732983265b",
      "customer_name": "Denise Lees",
      "email": "juliastephenson@example.org",
      "country": "Ullam fugiat amet fuga iure sed natus.",
      "age": 20,
      "is_premium": false,
      "customer_tier": "Eaque recusandae laborum ex."
    },
    {
      "customer_id": "6a5dfd2e-9a2c-4dc0-b08c-4a75acfb1307",
      "customer_name": "Ms Paige Wilson",
      "email": "connorwilliamson@example.org",
      "country": "Libero ex eius eligendi sapiente.",
      "age": 80,
      "is_premium": true,
      "customer_tier": "accusamus"
    },
    {
      "customer_id": "7932b55a-9cd9-4f02-b581-950b3a7bd953",
      "customer_name": "Elliott Gardner-Wallis",
      "email": "dforster@example.net",
      "country": "Iusto molestiae voluptatem aperiam.",
      "age": 35,
      "is_premium": false,
      "customer_tier": "Harum et quo quas. Inventore ipsa minus saepe."
    },
    {
      "customer_id": "4d01f453-0a64-4637-86d8-09fcd46f8c17",
      "customer_name": "Gemma Jones",
      "email": "jeffreynicholls@example.net",
      "country": "Quia quia eaque ut.",
      "age": 29,
      "is_premium": true,
      "customer_tier": "sunt"
    },
    {
      "customer_id": "d07a7cc8-142a-4828-9927-d2efc147c01d",
      "customer_name": "Miss Kerry Kelly",
      "email": "thomas60@example.net",
      "country": "Facilis iure dolorem quasi debitis.",
      "age": 52,
      "is_premium": true,
      "customer_tier": "odit"
    },
    {
      "customer_id": "dadb8046-2ed6-4da7-a564-426c2a833a2b",
      "customer_name": "Geraldine Randall",
      "email": "bethjones@example.org",
      "country": "Laboriosam veritatis occaecati similique aperiam.",
      "age": 87,
      "is_premium": true,
      "customer_tier": "natus"
    },
    {
      "customer_id": "9ff45e87-b569-40cb-a545-be315f4b79b8",
      "customer_name": "Mrs Marion King",
      "email": "eperry@example.com",
      "country": "Eos quos temporibus quae.",
      "age": 71,
      "is_premium": true,
      "customer_tier": "consequatur"
    },
    {
      "customer_id": "2ce892a0-2841-46fe-92f3-33377b8c0cfb",
      "customer_name": "Joshua Knowles-Jones",
      "email": "thompsonsean@example.net",
      "country": "Possimus quos aut laborum sed.",
      "age": 19,
      "is_premium": false,
      "customer_tier": "Cumque aut veniam sequi."
    },
    {
      "customer_id": "6ca3a638-6601-48a5-98a8-81dc5599527d",
      "customer_name": "Lorraine Buckley",
      "email": "obriengary@example.net",
      "country": "Necessitatibus aliquid voluptatem hic.",
      "age": 23,
      "is_premium": true,
      "customer_tier": "sint"
    },
    {
      "customer_id": "24e433c4-f74b-4daf-b84c-d92018d30748",
      "customer_name": "Ms Melanie Ford",
      "email": "joelrichards@example.org",
      "country": "Iusto nisi odit provident. Modi nisi sunt.",
      "age": 59,
      "is_premium": false,
      "customer_tier": "Quis possimus debitis labore optio distinctio."
    },
    {
      "customer_id": "8e9dd54c-784e-4490-9e77-f3df7f09ec2c",
      "customer_name": "Marion Hamilton-Andrews",
      "email": "nicolanash@example.org",
      "country": "Perspiciatis laboriosam officia veritatis.",
      "age": 51,
      "is_premium": true,
      "customer_tier": "odio"
    },
    {
      "customer_id": "cb006fe0-c032-4d85-ad27-22b63343e24e",
      "customer_name": "Dr Cameron Jones",
      "email": "barberdavid@example.org",
      "country": "Doloribus ea eveniet aspernatur cumque.",
      "age": 29,
      "is_premium": false,
      "customer_tier": "Ad molestias nihil soluta."
    },
    {
      "customer_id": "6fa21fed-e08d-4b0a-8b50-2ac2383e8e0d",
      "customer_name": "Fiona Howard-Mills",
      "email": "deanbyrne@example.net",
      "country": "Voluptatem nesciunt suscipit tenetur atque.",
      "age": 53,
      "is_premium": false,
      "customer_tier": "Quae ex ullam veritatis nihil non eligendi."
    },
    {
      "customer_id": "3a7abcb7-032d-47cb-a3b2-2ef24b3993fd",
      "customer_name": "Dr Megan Johnson",
      "email": "davidturner@example.org",
      "country": "Aliquam repudiandae iste vero aperiam quasi.",
      "age": 67,
      "is_premium": true,
      "customer_tier": "fugit"
    },
    {
      "customer_id": "22d3173e-9d54-4842-aba1-45653ea896fb",
      "customer_name": "Hannah Parker",
      "email": "hjohnson@example.net",
      "country": "Odit nam ullam quae totam mollitia quisquam.",
      "age": 21,
      "is_premium": true,
      "customer_tier": "magni"
    },
    {
      "customer_id": "a629fca4-463d-4209-ac6f-1c8fb3381cbd",
      "customer_name": "Michelle Francis",
      "email": "mwilliams@example.net",
      "country": "Quis aliquid omnis doloremque.",
      "age": 83,
      "is_premium": true,
      "customer_tier": "molestiae"
    },
    {
      "customer_id": "71b930b0-f23d-4a13-a04b-fe9c5ae43cf1",
      "customer_name": "Hayley Smith",
      "email": "iwood@example.net",
      "country": "Amet maxime a itaque porro.",
      "age": 56,
      "is_premium": false,
      "customer_tier": "Omnis deserunt quas."
    },
    {
      "customer_id": "6b72a7e3-4f79-4c47-9387-760338d36b05",
      "customer_name": "Josephine Sutton",
      "email": "aliharriet@example.org",
      "country": "Sit saepe a vero quam sint.",
      "age": 31,
      "is_premium": false,
      "customer_tier": "Temporibus repudiandae nihil ab officiis."
    },
    {
      "customer_id": "2d76a593-82e3-4f3c-83f2-e49109011580",
      "customer_name": "Patrick Blackburn",
      "email": "jenkinsjayne@example.com",
      "country": "Nobis deleniti dolorum ea.",
      "age": 71,
      "is_premium": true,
      "customer_tier": "nihil"
    },
    {
      "customer_id": "4a38a869-4e8e-4918-a4cc-148f330443d4",
      "customer_name": "Emma Hutchinson",
      "email": "youngtrevor@example.net",
      "country": "Odio earum maiores ab dolorum facere.",
      "age": 88,
      "is_premium": true,
      "customer_tier": "nisi"
    },
    {
      "customer_id": "8598d293-d65e-40da-9d55-caa4a0426c48",
      "customer_name": "Miss Deborah Elliott",
      "email": "dalemurphy@example.net",
      "country": "Sapiente quasi quibusdam corporis earum fuga.",
      "age": 36,
      "is_premium": false,
      "customer_tier": "Id assumenda hic quam."
    },
    {
      "customer_id": "6cf15d04-cc23-4931-9a69-4c0192f567fb",
      "customer_name": "Josephine Smith",
      "email": "kayleighgilbert@example.net",
      "country": "Sequi dolorum perferendis est.",
      "age": 76,
      "is_premium": true,
      "customer_tier": "commodi"
    },
    {
      "customer_id": "c4fe3070-73e4-4b44-86c0-27af37a388ce",
      "customer_name": "Owen Carter",
      "email": "joshua77@example.net",
      "country": "Inventore laborum tempora cupiditate.",
      "age": 82,
      "is_premium": true,
      "customer_tier": "vitae"
    },
    {
      "customer_id": "05264cf5-47b0-4f1d-9b95-d29f1f902b68",
      "customer_name": "Josh Taylor-Fleming",
      "email": "slaterpatrick@example.org",
      "country": "Eaque omnis occaecati aut.",
      "age": 33,
      "is_premium": false,
      "customer_tier": "Inventore illo minus velit iste quod quis."
    },
    {
      "customer_id": "74293d38-75c8-4266-9eb3-bdbbcbad07b5",
      "customer_name": "Simon Knight",
      "email": "lindseysmith@example.com",
      "country": "Alias perspiciatis eaque praesentium minus.",
      "age": 86,
      "is_premium": true,
      "customer_tier": "nesciunt"
    },
    {
      "customer_id": "82f9b0bb-6b8c-464d-b436-61a22163d89f",
      "customer_name": "Joel Carey",
      "email": "lstephens@example.org",
      "country": "Laborum repellendus rerum tempore expedita.",
      "age": 64,
      "is_premium": true,
      "customer_tier": "sapiente"
    },
    {
      "customer_id": "cb9faaae-4c91-4373-b5e1-54387e042e42",
      "customer_name": "Eileen Robinson",
      "email": "bennetttracey@example.org",
      "country": "Nihil excepturi temporibus.",
      "age": 43,
      "is_premium": false,
      "customer_tier": "Modi inventore voluptatem qui provident numquam."
    },
    {
      "customer_id": "b90a0391-c996-494e-ace2-a0a76b629a4c",
      "customer_name": "Mr Antony Graham",
      "email": "mrichards@example.com",
      "country": "Sit quis temporibus enim optio explicabo.",
      "age": 30,
      "is_premium": true,
      "customer_tier": "eum"
    },
    {
      "customer_id": "12ea1a3b-eb91-4553-8134-8782e9128a41",
      "customer_name": "Dr Damian Nicholson",
      "email": "bhawkins@example.com",
      "country": "Odit in corrupti.",
      "age": 67,
      "is_premium": true,
      "customer_tier": "fugit"
    },
    {
      "customer_id": "7d8915f4-b632-4aa6-9c7e-7a269ed312d8",
      "customer_name": "Hilary Webb-Hall",
      "email": "gailpearce@example.org",
      "country": "Animi dolorum eaque eligendi odio nisi repellat.",
      "age": 36,
      "is_premium": true,
      "customer_tier": "veniam"
    },
    {
      "customer_id": "b332b16d-c45c-4558-9774-0ab8d877119f",
      "customer_name": "Jane Brown",
      "email": "edwardslynn@example.com",
      "country": "Recusandae hic dolor id.",
      "age": 77,
      "is_premium": false,
      "customer_tier": "Ab nam maxime sint corrupti."
    },
    {
      "customer_id": "8046bcbd-c274-4146-b277-87db7adf8c4d",
      "customer_name": "Ms Georgia Bennett",
      "email": "francismatthews@example.com",
      "country": "Deserunt quidem possimus quam molestiae ex totam.",
      "age": 83,
      "is_premium": false,
      "customer_tier": "Saepe deleniti ratione numquam sunt."
    },
    {
      "customer_id": "05b5e021-e3ea-4d35-b85d-2afbdc98a06d",
      "customer_name": "Hollie Hughes",
      "email": "gordon11@example.net",
      "country": "Aut qui laboriosam veritatis.",
      "age": 85,
      "is_premium": false,
      "customer_tier": "Voluptatem sint itaque tenetur in nobis."
    },
    {
      "customer_id": "6808c0c4-0e88-4274-aa0a-4ef0ca26707d",
      "customer_name": "Rachel Wallis",
      "email": "marianhamilton@example.org",
      "country": "Nulla porro laborum corporis omnis.",
      "age": 54,
      "is_premium": true,
      "customer_tier": "quae"
    },
    {
      "customer_id": "34a4b846-3c28-42f6-a5bc-3dce7a73880b",
      "customer_name": "Maurice Glover",
      "email": "trevor55@example.com",
      "country": "Blanditiis magni minus porro.",
      "age": 75,
      "is_premium": false,
      "customer_tier": "Adipisci inventore deserunt quas."
    },
    {
      "customer_id": "f8849c65-d6b3-4d38-a10b-4dcc9f1febce",
      "customer_name": "Kathleen Dixon-Johnson",
      "email": "lynn74@example.com",
      "country": "Eum hic id dolorem.",
      "age": 81,
      "is_premium": true,
      "customer_tier": "doloremque"
    },
    {
      "customer_id": "74ccdb2e-0794-4e68-ad7a-c2874881c606",
      "customer_name": "Mrs Joyce Young",
      "email": "charlotte91@example.net",
      "country": "Vitae a aperiam suscipit ea.",
      "age": 79,
      "is_premium": false,
      "customer_tier": "Omnis ab enim qui."
    },
    {
      "customer_id": "c205f200-05a2-479d-a9f5-ea0c9d356b6f",
      "customer_name": "Alice Preston",
      "email": "grose@example.com",
      "country": "Dolorem expedita ex modi omnis accusamus aliquam.",
      "age": 39,
      "is_premium": false,
      "customer_tier": "Ullam exercitationem consectetur nemo."
    },
    {
      "customer_id": "beb85684-1caa-4e62-b303-6237a1718645",
      "customer_name": "Russell Taylor",
      "email": "tracey51@example.com",
      "country": "Corporis perferendis quas quas harum quae.",
      "age": 23,
      "is_premium": false,
      "customer_tier": "Enim doloribus quasi alias commodi."
    },
    {
      "customer_id": "44f53b68-b948-4552-ab60-fe2652668ccc",
      "customer_name": "Heather White",
      "email": "bsmith@example.com",
      "country": "Quo distinctio enim facilis.",
      "age": 70,
      "is_premium": false,
      "customer_tier": "Aut ex aut impedit qui. Nobis eum illum."
    },
    {
      "customer_id": "c9b6e4e8-0f17-4c1d-8836-14e5c48d4a5a",
      "customer_name": "Alex Griffiths",
      "email": "derek80@example.com",
      "country": "Enim amet et eligendi placeat.",
      "age": 19,
      "is_premium": false,
      "customer_tier": "A error quisquam numquam."
    },
    {
      "customer_id": "45012dc3-32e9-430f-a96c-301fb06d013e",
      "customer_name": "Ms Shannon Smith",
      "email": "smithsara@example.com",
      "country": "Eaque quo nam exercitationem ab repellat.",
      "age": 35,
      "is_premium": false,
      "customer_tier": "Ad minus dignissimos iste rem veniam tenetur."
    },
    {
      "customer_id": "cd534320-f685-4ab2-9197-5e17f39006e8",
      "customer_name": "Dr Christian Wilkins",
      "email": "kevinandrews@example.com",
      "country": "Est dolor placeat reprehenderit.",
      "age": 39,
      "is_premium": false,
      "customer_tier": "Eveniet aliquid nam voluptas nihil."
    },
    {
      "customer_id": "140b085b-7369-4ac5-a0be-17ba78e4448f",
      "customer_name": "Miss Stephanie Watkins",
      "email": "barrykaren@example.com",
      "country": "Praesentium laborum aperiam iure placeat maiores.",
      "age": 31,
      "is_premium": false,
      "customer_tier": "Sunt porro rerum."
    },
    {
      "customer_id": "9a6701d7-579e-4f7c-8116-4c1ae165c2de",
      "customer_name": "Geraldine Heath",
      "email": "williamsanders@example.com",
      "country": "Officiis harum ab quis laboriosam.",
      "age": 22,
      "is_premium": true,
      "customer_tier": "odio"
    },
    {
      "customer_id": "72f18faf-8bd5-4a2a-a58f-d05318f386ee",
      "customer_name": "Gerard Macdonald",
      "email": "pdoherty@example.net",
      "country": "Veritatis repellendus eum animi libero.",
      "age": 83,
      "is_premium": true,
      "customer_tier": "saepe"
    },
    {
      "customer_id": "eb105499-5a47-417e-b6a7-4c5e911c5251",
      "customer_name": "Sarah Mitchell-Scott",
      "email": "chloe83@example.com",
      "country": "Ad illo aliquam asperiores occaecati.",
      "age": 65,
      "is_premium": false,
      "customer_tier": "Eius eaque impedit nam."
    },
    {
      "customer_id": "198651c3-4b7b-458b-ba3e-7acd563fa0ce",
      "customer_name": "Ms Carol Phillips",
      "email": "nortonhannah@example.net",
      "country": "Officia tenetur cumque.",
      "age": 59,
      "is_premium": false,
      "customer_tier": "Hic eaque saepe reprehenderit."
    },
    {
      "customer_id": "d2a279b2-69a7-40c4-9496-39e869eb58f0",
      "customer_name": "Kimberley Miah",
      "email": "natasha18@example.net",
      "country": "Distinctio blanditiis minus eaque corrupti.",
      "age": 71,
      "is_premium": false,
      "customer_tier": "Voluptatem aspernatur modi labore modi."
    },
    {
      "customer_id": "d76e0c8a-1d72-4252-a24e-28b2318ca7a9",
      "customer_name": "Christine Wheeler",
      "email": "melaniemiles@example.net",
      "country": "Vel rem fugit maxime repudiandae voluptate rerum.",
      "age": 69,
      "is_premium": false,
      "customer_tier": "Labore maxime quibusdam ea minus nobis fugit."
    },
    {
      "customer_id": "cb8000c7-e179-457e-9663-8e53b0852202",
      "customer_name": "Glenn Price",
      "email": "tsummers@example.net",
      "country": "Numquam possimus quam officia sint.",
      "age": 26,
      "is_premium": false,
      "customer_tier": "Aliquam deleniti itaque voluptates dolorum."
    }
  ],
  "orders": [
    {
      "order_id": 1,
      "customer_id": "448797dd-77cf-49c7-ade2-346c8a0cd87a",
      "order_date": "2022-09-21",
      "order_time": "05:40:38",
      "order_timestamp": "1997-03-28 21:53:09",
      "order_status": "Error nemo hic debitis.",
      "amount": 434.2,
      "is_discount_applied": true
    },
    {
      "order_id": 2,
      "customer_id": "01c9e00c-968c-4bd1-9347-1aa3131d3bae",
      "order_date": "2020-03-10",
      "order_time": "10:39:33",
      "order_timestamp": "1999-12-15 03:59:01",
      "order_status": "Reprehenderit aut asperiores. Alias maxime ullam.",
      "amount": 515.96,
      "is_discount_applied": true
    },
    {
      "order_id": 3,
      "customer_id": "d07a7cc8-142a-4828-9927-d2efc147c01d",
      "order_date": "2023-12-08",
      "order_time": "14:19:59",
      "order_timestamp": "2021-09-10 00:15:50",
      "order_status": "Impedit in in et eligendi harum ab.",
      "amount": 337.06,
      "is_discount_applied": true
    },
    {
      "order_id": 4,
      "customer_id": "a629fca4-463d-4209-ac6f-1c8fb3381cbd",
      "order_date": "2021-01-22",
      "order_time": "10:35:21",
      "order_timestamp": "1999-06-08 00:23:11",
      "order_status": "Maiores perspiciatis odit sint.",
      "amount": 341.28,
      "is_discount_applied": false
    },
    {
      "order_id": 5,
      "customer_id": "6ca3a638-6601-48a5-98a8-81dc5599527d",
      "order_date": "2023-01-02",
      "order_time": "12:53:12",
      "order_timestamp": "1970-05-19 09:17:39",
      "order_status": "Eos fugit laboriosam possimus laudantium quis.",
      "amount": 897.07,
      "is_discount_applied": true
    },
    {
      "order_id": 6,
      "customer_id": "0e58017b-aa82-497c-a2e2-ee1cbe58a170",
      "order_date": "2021-02-09",
      "order_time": "22:29:22",
      "order_timestamp": "2017-04-14 18:06:44",
      "order_status": "Nisi dignissimos ipsa earum non qui.",
      "amount": 359.6,
      "is_discount_applied": false
    },
    {
      "order_id": 7,
      "customer_id": "5435fa4a-0272-434c-a367-f1aba4bc2f71",
      "order_date": "2022-01-11",
      "order_time": "13:19:16",
      "order_timestamp": "2008-03-20 14:18:08",
      "order_status": "Eligendi id aliquam inventore.",
      "amount": 99.5,
      "is_discount_applied": false
    },
    {
      "order_id": 8,
      "customer_id": "2071b950-b8c5-4b22-85b9-2753249da1b9",
      "order_date": "2023-05-02",
      "order_time": "19:19:03",
      "order_timestamp": "2013-08-04 11:34:19",
      "order_status": "Omnis laboriosam fuga asperiores velit aliquam.",
      "amount": 941.45,
      "is_discount_applied": true
    },
    {
      "order_id": 9,
      "customer_id": "6f461121-8611-496b-a52e-e1c35a621b49",
      "order_date": "2023-05-26",
      "order_time": "02:03:56",
      "order_timestamp": "1993-03-09 08:18:58",
      "order_status": "Sint sequi aliquid odio.",
      "amount": 309.3,
      "is_discount_applied": true
    },
    {
      "order_id": 10,
      "customer_id": "16c37643-c636-4997-9f4a-e61481f0a88d",
      "order_date": "2022-12-24",
      "order_time": "22:34:23",
      "order_timestamp": "2005-04-25 14:18:04",
      "order_status": "Praesentium maiores odit nobis.",
      "amount": 488.13,
      "is_discount_applied": true
    },
    {
      "order_id": 11,
      "customer_id": "4d01f453-0a64-4637-86d8-09fcd46f8c17",
      "order_date": "2020-02-22",
      "order_time": "22:11:28",
      "order_timestamp": "2024-11-10 07:33:14",
      "order_status": "Sunt enim dolor numquam.",
      "amount": 371.61,
      "is_discount_applied": false
    },
    {
      "order_id": 12,
      "customer_id": "d2a279b2-69a7-40c4-9496-39e869eb58f0",
      "order_date": "2023-01-13",
      "order_time": "04:18:52",
      "order_timestamp": "2008-01-26 10:04:40",
      "order_status": "Cumque placeat maiores mollitia qui hic hic.",
      "amount": 481.57,
      "is_discount_applied": false
    },
    {
      "order_id": 13,
      "customer_id": "c9b6e4e8-0f17-4c1d-8836-14e5c48d4a5a",
      "order_date": "2022-08-17",
      "order_time": "08:04:52",
      "order_timestamp": "2016-04-06 06:33:01",
      "order_status": "Rem minus aliquam ad vero excepturi.",
      "amount": 348.69,
      "is_discount_applied": false
    },
    {
      "order_id": 14,
      "customer_id": "1ac05dac-d666-4944-b74b-9296b5404d93",
      "order_date": "2023-12-28",
      "order_time": "21:31:38",
      "order_timestamp": "1988-02-21 09:49:00",
      "order_status": "Expedita nam delectus recusandae quas.",
      "amount": 680.6,
      "is_discount_applied": true
    },
    {
      "order_id": 15,
      "customer_id": "7e086260-823b-46d0-8219-4d6a86403004",
      "order_date": "2020-10-09",
      "order_time": "15:01:05",
      "order_timestamp": "2000-01-11 16:09:09",
      "order_status": "Fugit quod exercitationem recusandae.",
      "amount": 143.06,
      "is_discount_applied": false
    },
    {
      "order_id": 16,
      "customer_id": "4d01f453-0a64-4637-86d8-09fcd46f8c17",
      "order_date": "2023-10-22",
      "order_time": "11:07:09",
      "order_timestamp": "2008-04-06 03:55:29",
      "order_status": "Incidunt dolores aperiam cumque qui.",
      "amount": 57.85,
      "is_discount_applied": true
    },
    {
      "order_id": 17,
      "customer_id": "eb105499-5a47-417e-b6a7-4c5e911c5251",
      "order_date": "2022-06-16",
      "order_time": "13:06:22",
      "order_timestamp": "1981-10-31 02:19:52",
      "order_status": "Saepe ullam rem. Fugit animi quos harum.",
      "amount": 775.35,
      "is_discount_applied": true
    },
    {
      "order_id": 18,
      "customer_id": "9a6701d7-579e-4f7c-8116-4c1ae165c2de",
      "order_date": "2022-07-16",
      "order_time": "23:44:32",
      "order_timestamp": "2021-06-26 01:47:29",
      "order_status": "Quod at exercitationem placeat.",
      "amount": 380.96,
      "is_discount_applied": false
    },
    {
      "order_id": 19,
      "customer_id": "d09469b6-4ff6-4c52-ba63-d5e888576415",
      "order_date": "2022-12-27",
      "order_time": "09:49:21",
      "order_timestamp": "1995-06-22 06:08:32",
      "order_status": "Itaque atque quos dolorum non consectetur.",
      "amount": 953.29,
      "is_discount_applied": true
    },
    {
      "order_id": 20,
      "customer_id": "2a44a880-36ae-4819-bdef-8dfb3ba5002e",
      "order_date": "2020-09-25",
      "order_time": "13:27:48",
      "order_timestamp": "2020-02-03 06:54:57",
      "order_status": "Natus mollitia labore nobis repellendus.",
      "amount": 385.16,
      "is_discount_applied": false
    },
    {
      "order_id": 21,
      "customer_id": "6ad402b9-468a-46fb-bdc6-efa845907849",
      "order_date": "2020-02-13",
      "order_time": "14:17:33",
      "order_timestamp": "1994-02-19 02:59:09",
      "order_status": "Quae sed sequi ipsa officiis impedit ea.",
      "amount": 954.47,
      "is_discount_applied": true
    },
    {
      "order_id": 22,
      "customer_id": "cb9faaae-4c91-4373-b5e1-54387e042e42",
      "order_date": "2023-02-14",
      "order_time": "18:42:57",
      "order_timestamp": "1999-05-04 05:56:24",
      "order_status": "Eos voluptatum hic.",
      "amount": 958.25,
      "is_discount_applied": false
    },
    {
      "order_id": 23,
      "customer_id": "d76e0c8a-1d72-4252-a24e-28b2318ca7a9",
      "order_date": "2022-07-05",
      "order_time": "17:51:32",
      "order_timestamp": "1970-07-08 03:42:02",
      "order_status": "Sequi consectetur enim.",
      "amount": 939.08,
      "is_discount_applied": false
    },
    {
      "order_id": 24,
      "customer_id": "d9905cb8-a1c1-43cd-8dad-3bef49eda450",
      "order_date": "2021-08-28",
      "order_time": "20:36:30",
      "order_timestamp": "1975-02-26 04:49:52",
      "order_status": "Dolorum quis voluptate.",
      "amount": 167.24,
      "is_discount_applied": true
    },
    {
      "order_id": 25,
      "customer_id": "34a4b846-3c28-42f6-a5bc-3dce7a73880b",
      "order_date": "2023-04-17",
      "order_time": "01:04:24",
      "order_timestamp": "1985-10-19 20:36:20",
      "order_status": "Cupiditate ullam sit.",
      "amount": 483.98,
      "is_discount_applied": null
    },
    {
      "order_id": 26,
      "customer_id": "9fbb4ebf-7b99-4e53-8d99-afb0579265a1",
      "order_date": "2023-03-11",
      "order_time": "08:31:26",
      "order_timestamp": "1980-06-02 10:23:44",
      "order_status": "Suscipit maxime eveniet.",
      "amount": 391.43,
      "is_discount_applied": true
    },
    {
      "order_id": 27,
      "customer_id": "05264cf5-47b0-4f1d-9b95-d29f1f902b68",
      "order_date": "2023-12-01",
      "order_time": "22:35:43",
      "order_timestamp": "1992-11-14 07:28:33",
      "order_status": "Laboriosam optio atque tempora ratione.",
      "amount": 492.81,
      "is_discount_applied": false
    },
    {
      "order_id": 28,
      "customer_id": "3a7abcb7-032d-47cb-a3b2-2ef24b3993fd",
      "order_date": "2023-03-20",
      "order_time": "17:23:11",
      "order_timestamp": "1984-02-23 05:12:42",
      "order_status": "Recusandae natus doloribus impedit eligendi.",
      "amount": 926.78,
      "is_discount_applied": false
    },
    {
      "order_id": 29,
      "customer_id": "022805c5-7433-4e77-b8dc-d6a09982a79f",
      "order_date": "2022-08-16",
      "order_time": "02:27:21",
      "order_timestamp": "1995-12-23 14:38:06",
      "order_status": "In corporis optio facilis facilis mollitia.",
      "amount": 684.67,
      "is_discount_applied": true
    },
    {
      "order_id": 30,
      "customer_id": "59d4b715-126c-44a9-b90e-75385528158f",
      "order_date": "2021-05-25",
      "order_time": "20:46:44",
      "order_timestamp": "1991-04-06 05:05:57",
      "order_status": "Excepturi earum deserunt ipsam consequatur et.",
      "amount": 721.09,
      "is_discount_applied": true
    },
    {
      "order_id": 31,
      "customer_id": "74ccdb2e-0794-4e68-ad7a-c2874881c606",
      "order_date": "2020-12-17",
      "order_time": "03:06:10",
      "order_timestamp": "1979-02-23 09:54:51",
      "order_status": "Rerum vel ad eius sequi dolores.",
      "amount": 513.08,
      "is_discount_applied": true
    },
    {
      "order_id": 32,
      "customer_id": "022805c5-7433-4e77-b8dc-d6a09982a79f",
      "order_date": "2020-12-31",
      "order_time": "03:27:23",
      "order_timestamp": "2022-01-15 08:06:53",
      "order_status": "Laborum dolorem commodi minima facere culpa.",
      "amount": 449.58,
      "is_discount_applied": false
    },
    {
      "order_id": 33,
      "customer_id": "16c37643-c636-4997-9f4a-e61481f0a88d",
      "order_date": "2020-03-27",
      "order_time": "00:51:43",
      "order_timestamp": "2018-07-06 20:06:17",
      "order_status": "Deleniti accusamus nam ad. Ex magni laborum.",
      "amount": 659.44,
      "is_discount_applied": false
    },
    {
      "order_id": 34,
      "customer_id": "1ac05dac-d666-4944-b74b-9296b5404d93",
      "order_date": "2021-05-20",
      "order_time": "14:42:58",
      "order_timestamp": "1974-07-18 14:01:17",
      "order_status": "Quis nobis ab consectetur quas.",
      "amount": 817.83,
      "is_discount_applied": false
    },
    {
      "order_id": 35,
      "customer_id": "38845d28-2285-416b-864a-1d0a83638a4f",
      "order_date": "2020-03-31",
      "order_time": "22:10:19",
      "order_timestamp": "2023-08-20 15:32:07",
      "order_status": "Accusantium eum repellendus aperiam labore.",
      "amount": 413.76,
      "is_discount_applied": true
    },
    {
      "order_id": 36,
      "customer_id": "21073ec9-1924-42ab-8e59-b8446a71eb05",
      "order_date": "2022-09-14",
      "order_time": "13:18:16",
      "order_timestamp": "1995-03-27 09:52:31",
      "order_status": "At itaque quasi iste numquam non.",
      "amount": 378.83,
      "is_discount_applied": false
    },
    {
      "order_id": 37,
      "customer_id": "83d8f3b4-1165-4f1b-8480-867eacdbbaaf",
      "order_date": "2023-03-06",
      "order_time": "09:05:57",
      "order_timestamp": "1989-05-26 21:40:18",
      "order_status": "At quaerat architecto saepe nobis cum numquam.",
      "amount": 857.42,
      "is_discount_applied": false
    },
    {
      "order_id": 38,
      "customer_id": "12ea1a3b-eb91-4553-8134-8782e9128a41",
      "order_date": "2020-02-17",
      "order_time": "00:00:28",
      "order_timestamp": "2000-11-16 03:50:47",
      "order_status": "Quos exercitationem vel labore eaque.",
      "amount": 394.13,
      "is_discount_applied": true
    },
    {
      "order_id": 39,
      "customer_id": "16c37643-c636-4997-9f4a-e61481f0a88d",
      "order_date": "2020-03-02",
      "order_time": "04:55:58",
      "order_timestamp": "1986-09-03 06:02:52",
      "order_status": "Soluta blanditiis corrupti.",
      "amount": 142.52,
      "is_discount_applied": false
    },
    {
      "order_id": 40,
      "customer_id": "b332b16d-c45c-4558-9774-0ab8d877119f",
      "order_date": "2020-08-09",
      "order_time": "04:05:25",
      "order_timestamp": "1981-05-27 04:56:21",
      "order_status": "Nam libero consequuntur odio.",
      "amount": 954.4,
      "is_discount_applied": false
    },
    {
      "order_id": 41,
      "customer_id": "0ba2a599-e6d1-40b0-8cea-81926c613886",
      "order_date": "2020-10-19",
      "order_time": "12:24:03",
      "order_timestamp": "1981-06-03 03:49:43",
      "order_status": "Illum ea vel sequi eos.",
      "amount": 407.77,
      "is_discount_applied": false
    },
    {
      "order_id": 42,
      "customer_id": "456fb957-2319-4c82-be57-af5dc860c9a4",
      "order_date": "2020-09-22",
      "order_time": "12:45:30",
      "order_timestamp": "1999-03-30 13:56:12",
      "order_status": "Saepe consequatur molestiae quae.",
      "amount": 669.62,
      "is_discount_applied": true
    },
    {
      "order_id": 43,
      "customer_id": "140b085b-7369-4ac5-a0be-17ba78e4448f",
      "order_date": "2021-10-19",
      "order_time": "22:28:22",
      "order_timestamp": "1982-02-26 23:17:22",
      "order_status": "Ipsam ipsum repudiandae vitae id.",
      "amount": 893.82,
      "is_discount_applied": false
    },
    {
      "order_id": 44,
      "customer_id": "d9905cb8-a1c1-43cd-8dad-3bef49eda450",
      "order_date": "2023-04-22",
      "order_time": "06:48:15",
      "order_timestamp": "1987-10-29 00:29:29",
      "order_status": "Molestias qui ut adipisci.",
      "amount": 877.05,
      "is_discount_applied": false
    },
    {
      "order_id": 45,
      "customer_id": "d09469b6-4ff6-4c52-ba63-d5e888576415",
      "order_date": "2022-07-30",
      "order_time": "06:57:07",
      "order_timestamp": "1982-04-09 19:07:08",
      "order_status": "Eligendi mollitia alias id blanditiis labore.",
      "amount": 819.36,
      "is_discount_applied": true
    },
    {
      "order_id": 46,
      "customer_id": "7d8915f4-b632-4aa6-9c7e-7a269ed312d8",
      "order_date": "2020-04-27",
      "order_time": "11:10:52",
      "order_timestamp": "2022-05-03 14:55:15",
      "order_status": "Sequi inventore consectetur numquam.",
      "amount": 833.57,
      "is_discount_applied": false
    },
    {
      "order_id": 47,
      "customer_id": "8598d293-d65e-40da-9d55-caa4a0426c48",
      "order_date": "2022-11-15",
      "order_time": "02:40:48",
      "order_timestamp": "1986-01-20 11:01:15",
      "order_status": "Voluptate veritatis in odit.",
      "amount": 894.83,
      "is_discount_applied": true
    },
    {
      "order_id": 48,
      "customer_id": "c9b6e4e8-0f17-4c1d-8836-14e5c48d4a5a",
      "order_date": "2020-01-25",
      "order_time": "15:38:38",
      "order_timestamp": "1999-02-18 20:07:12",
      "order_status": "Occaecati ullam quae magni. Velit vero a.",
      "amount": 61.35,
      "is_discount_applied": false
    },
    {
      "order_id": 49,
      "customer_id": "a1a88dcb-9f60-4619-9789-db0a919d8ea8",
      "order_date": "2020-06-01",
      "order_time": "03:22:34",
      "order_timestamp": "1998-07-28 05:31:07",
      "order_status": "Quis ducimus iure atque perferendis itaque.",
      "amount": 748.67,
      "is_discount_applied": true
    },
    {
      "order_id": 50,
      "customer_id": "c4b40f26-8dd2-494b-a47b-641a04940407",
      "order_date": "2022-09-29",
      "order_time": "10:57:47",
      "order_timestamp": "2012-01-14 22:04:49",
      "order_status": "Repellendus facere autem sed.",
      "amount": 682.24,
      "is_discount_applied": false
    },
    {
      "order_id": 51,
      "customer_id": "6b72a7e3-4f79-4c47-9387-760338d36b05",
      "order_date": "2023-02-03",
      "order_time": "18:07:27",
      "order_timestamp": "2005-04-24 15:49:57",
      "order_status": "Voluptates fugiat repellendus modi iste corporis.",
      "amount": 435.62,
      "is_discount_applied": false
    },
    {
      "order_id": 52,
      "customer_id": "05264cf5-47b0-4f1d-9b95-d29f1f902b68",
      "order_date": "2021-09-25",
      "order_time": "15:08:14",
      "order_timestamp": "2014-12-22 09:27:11",
      "order_status": "Distinctio quia ad nihil mollitia.",
      "amount": 109.54,
      "is_discount_applied": false
    },
    {
      "order_id": 53,
      "customer_id": "5435fa4a-0272-434c-a367-f1aba4bc2f71",
      "order_date": "2023-06-26",
      "order_time": "10:44:07",
      "order_timestamp": "1998-12-12 17:50:36",
      "order_status": "At eius similique.",
      "amount": 186.27,
      "is_discount_applied": false
    },
    {
      "order_id": 54,
      "customer_id": "07e5fb1d-ef86-42d6-ab71-1593036269bd",
      "order_date": "2023-08-12",
      "order_time": "03:24:39",
      "order_timestamp": "1984-03-22 05:38:32",
      "order_status": "Aut iste nesciunt.",
      "amount": 349.0,
      "is_discount_applied": true
    },
    {
      "order_id": 55,
      "customer_id": "72f18faf-8bd5-4a2a-a58f-d05318f386ee",
      "order_date": "2021-03-10",
      "order_time": "04:18:41",
      "order_timestamp": "1988-01-07 15:06:32",
      "order_status": "Tempore libero sequi dignissimos corrupti.",
      "amount": 265.13,
      "is_discount_applied": true
    },
    {
      "order_id": 56,
      "customer_id": "448797dd-77cf-49c7-ade2-346c8a0cd87a",
      "order_date": "2020-06-24",
      "order_time": "01:38:33",
      "order_timestamp": "2007-12-20 06:38:43",
      "order_status": "Soluta sint possimus. Hic soluta illo dolor nisi.",
      "amount": 597.83,
      "is_discount_applied": true
    },
    {
      "order_id": 57,
      "customer_id": "c205f200-05a2-479d-a9f5-ea0c9d356b6f",
      "order_date": "2020-11-14",
      "order_time": "02:18:18",
      "order_timestamp": "1974-10-18 17:15:46",
      "order_status": "Labore natus incidunt sapiente iusto.",
      "amount": 756.39,
      "is_discount_applied": null
    },
    {
      "order_id": 58,
      "customer_id": "7e086260-823b-46d0-8219-4d6a86403004",
      "order_date": "2021-02-02",
      "order_time": "07:30:12",
      "order_timestamp": "1992-05-14 23:15:03",
      "order_status": "Repudiandae animi explicabo ipsa numquam.",
      "amount": 946.54,
      "is_discount_applied": true
    },
    {
      "order_id": 59,
      "customer_id": "eb84adb6-480e-4053-8cab-07ab18e76159",
      "order_date": "2020-01-04",
      "order_time": "23:24:48",
      "order_timestamp": "2019-02-22 19:39:42",
      "order_status": "Error labore earum exercitationem illo animi.",
      "amount": 96.51,
      "is_discount_applied": false
    },
    {
      "order_id": 60,
      "customer_id": "eb105499-5a47-417e-b6a7-4c5e911c5251",
      "order_date": "2020-12-28",
      "order_time": "17:03:43",
      "order_timestamp": "2001-12-26 18:28:12",
      "order_status": "Tempore voluptate expedita molestiae.",
      "amount": 926.29,
      "is_discount_applied": false
    },
    {
      "order_id": 61,
      "customer_id": "6f461121-8611-496b-a52e-e1c35a621b49",
      "order_date": "2020-05-14",
      "order_time": "07:02:50",
      "order_timestamp": "1996-03-15 04:42:51",
      "order_status": "Tempora enim repellendus nihil ad repudiandae.",
      "amount": 467.5,
      "is_discount_applied": null
    },
    {
      "order_id": 62,
      "customer_id": "140b085b-7369-4ac5-a0be-17ba78e4448f",
      "order_date": "2023-09-17",
      "order_time": "16:30:52",
      "order_timestamp": "1978-03-11 23:46:36",
      "order_status": "Quae alias porro corrupti quasi in.",
      "amount": 405.2,
      "is_discount_applied": false
    },
    {
      "order_id": 63,
      "customer_id": "cb006fe0-c032-4d85-ad27-22b63343e24e",
      "order_date": "2023-05-08",
      "order_time": "20:24:26",
      "order_timestamp": "1975-07-27 23:36:05",
      "order_status": "Illo vero quasi laboriosam quasi ab.",
      "amount": 763.72,
      "is_discount_applied": true
    },
    {
      "order_id": 64,
      "customer_id": "38845d28-2285-416b-864a-1d0a83638a4f",
      "order_date": "2020-12-07",
      "order_time": "00:49:59",
      "order_timestamp": "1995-04-01 16:05:40",
      "order_status": "Officia ipsa quae amet autem.",
      "amount": 219.99,
      "is_discount_applied": false
    },
    {
      "order_id": 65,
      "customer_id": "82f9b0bb-6b8c-464d-b436-61a22163d89f",
      "order_date": "2022-05-29",
      "order_time": "10:03:43",
      "order_timestamp": "1981-12-30 07:34:43",
      "order_status": "Nam possimus beatae quibusdam.",
      "amount": 380.81,
      "is_discount_applied": null
    },
    {
      "order_id": 66,
      "customer_id": "74ccdb2e-0794-4e68-ad7a-c2874881c606",
      "order_date": "2022-07-07",
      "order_time": "09:37:38",
      "order_timestamp": "1991-07-23 11:43:30",
      "order_status": "Blanditiis incidunt fugiat nam.",
      "amount": 973.89,
      "is_discount_applied": true
    },
    {
      "order_id": 67,
      "customer_id": "d09469b6-4ff6-4c52-ba63-d5e888576415",
      "order_date": "2022-04-14",
      "order_time": "01:09:29",
      "order_timestamp": "2004-01-09 12:40:51",
      "order_status": "Porro ad quod similique.",
      "amount": 415.91,
      "is_discount_applied": false
    },
    {
      "order_id": 68,
      "customer_id": "21073ec9-1924-42ab-8e59-b8446a71eb05",
      "order_date": "2023-10-16",
      "order_time": "17:04:22",
      "order_timestamp": "1973-07-07 11:15:37",
      "order_status": "Delectus a deleniti dicta inventore cumque.",
      "amount": 718.01,
      "is_discount_applied": false
    },
    {
      "order_id": 69,
      "customer_id": "9fbb4ebf-7b99-4e53-8d99-afb0579265a1",
      "order_date": "2022-11-05",
      "order_time": "11:14:43",
      "order_timestamp": "1973-10-25 23:21:49",
      "order_status": "Temporibus nisi accusantium.",
      "amount": 615.8,
      "is_discount_applied": true
    },
    {
      "order_id": 70,
      "customer_id": "7d8915f4-b632-4aa6-9c7e-7a269ed312d8",
      "order_date": "2022-09-06",
      "order_time": "13:43:25",
      "order_timestamp": "2015-03-18 16:46:02",
      "order_status": "Voluptatem quaerat facere.",
      "amount": 667.04,
      "is_discount_applied": false
    },
    {
      "order_id": 71,
      "customer_id": "9fbb4ebf-7b99-4e53-8d99-afb0579265a1",
      "order_date": "2023-04-26",
      "order_time": "23:46:47",
      "order_timestamp": "1996-04-30 10:00:38",
      "order_status": "Velit aliquam esse non vel.",
      "amount": 130.08,
      "is_discount_applied": true
    },
    {
      "order_id": 72,
      "customer_id": "2d76a593-82e3-4f3c-83f2-e49109011580",
      "order_date": "2022-12-31",
      "order_time": "16:38:46",
      "order_timestamp": "2022-05-18 20:04:48",
      "order_status": "Error nemo porro ipsa quasi.",
      "amount": 774.84,
      "is_discount_applied": true
    },
    {
      "order_id": 73,
      "customer_id": "6ca3a638-6601-48a5-98a8-81dc5599527d",
      "order_date": "2021-08-20",
      "order_time": "12:54:55",
      "order_timestamp": "1984-03-15 21:18:34",
      "order_status": "Nesciunt porro quae culpa.",
      "amount": 917.07,
      "is_discount_applied": true
    },
    {
      "order_id": 74,
      "customer_id": "7932b55a-9cd9-4f02-b581-950b3a7bd953",
      "order_date": "2021-02-19",
      "order_time": "16:48:13",
      "order_timestamp": "2019-01-06 16:40:33",
      "order_status": "Tempore voluptatibus reiciendis eos aperiam ab.",
      "amount": 542.28,
      "is_discount_applied": false
    },
    {
      "order_id": 75,
      "customer_id": "5435fa4a-0272-434c-a367-f1aba4bc2f71",
      "order_date": "2021-01-29",
      "order_time": "05:11:24",
      "order_timestamp": "1998-02-02 01:53:02",
      "order_status": "Dolorem porro deserunt porro.",
      "amount": 535.1,
      "is_discount_applied": false
    },
    {
      "order_id": 76,
      "customer_id": "54e2068d-5f1b-4024-8190-bd89d1381cb3",
      "order_date": "2020-01-21",
      "order_time": "11:23:47",
      "order_timestamp": "2015-06-17 11:31:44",
      "order_status": "Quasi porro sint totam quos.",
      "amount": 915.94,
      "is_discount_applied": false
    },
    {
      "order_id": 77,
      "customer_id": "0b6c2bf2-0ea3-4ef6-8c42-145b7b48c934",
      "order_date": "2023-02-28",
      "order_time": "23:49:22",
      "order_timestamp": "1985-06-19 12:00:07",
      "order_status": "Voluptatum distinctio ad itaque.",
      "amount": 732.82,
      "is_discount_applied": false
    },
    {
      "order_id": 78,
      "customer_id": "34a4b846-3c28-42f6-a5bc-3dce7a73880b",
      "order_date": "2023-03-23",
      "order_time": "16:56:25",
      "order_timestamp": "2016-02-08 02:59:31",
      "order_status": "Illo id reprehenderit error pariatur.",
      "amount": 150.03,
      "is_discount_applied": true
    },
    {
      "order_id": 79,
      "customer_id": "792c96d0-df3f-4362-ad0a-975b93064db0",
      "order_date": "2021-03-08",
      "order_time": "16:34:13",
      "order_timestamp": "1987-08-06 09:37:16",
      "order_status": "Aspernatur unde est tenetur.",
      "amount": 740.39,
      "is_discount_applied": true
    },
    {
      "order_id": 80,
      "customer_id": "63e1aaeb-2c2e-4ff8-a92b-8c8d1a8e137f",
      "order_date": "2020-11-14",
      "order_time": "02:59:48",
      "order_timestamp": "1980-12-10 09:14:32",
      "order_status": "Voluptas sunt molestiae dicta.",
      "amount": 105.46,
      "is_discount_applied": false
    },
    {
      "order_id": 81,
      "customer_id": "7e086260-823b-46d0-8219-4d6a86403004",
      "order_date": "2020-11-04",
      "order_time": "08:38:48",
      "order_timestamp": "2016-07-29 03:04:40",
      "order_status": "Illum beatae saepe itaque quas architecto non.",
      "amount": 554.57,
      "is_discount_applied": false
    },
    {
      "order_id": 82,
      "customer_id": "7e086260-823b-46d0-8219-4d6a86403004",
      "order_date": "2023-05-02",
      "order_time": "12:03:28",
      "order_timestamp": "2012-05-13 13:16:53",
      "order_status": "Veniam ad fugit facilis laudantium.",
      "amount": 957.46,
      "is_discount_applied": true
    },
    {
      "order_id": 83,
      "customer_id": "6fa21fed-e08d-4b0a-8b50-2ac2383e8e0d",
      "order_date": "2020-09-18",
      "order_time": "16:58:54",
      "order_timestamp": "1972-09-09 14:02:21",
      "order_status": "Molestias ratione commodi corrupti cumque.",
      "amount": 895.35,
      "is_discount_applied": true
    },
    {
      "order_id": 84,
      "customer_id": "4d01f453-0a64-4637-86d8-09fcd46f8c17",
      "order_date": "2020-11-09",
      "order_time": "15:06:14",
      "order_timestamp": "1977-06-19 08:23:57",
      "order_status": "Placeat harum id exercitationem recusandae.",
      "amount": 394.73,
      "is_discount_applied": true
    },
    {
      "order_id": 85,
      "customer_id": "448797dd-77cf-49c7-ade2-346c8a0cd87a",
      "order_date": "2023-10-14",
      "order_time": "01:49:58",
      "order_timestamp": "1988-05-13 06:13:53",
      "order_status": "Quasi voluptates quasi laboriosam minus ducimus.",
      "amount": 365.28,
      "is_discount_applied": true
    },
    {
      "order_id": 86,
      "customer_id": "6808c0c4-0e88-4274-aa0a-4ef0ca26707d",
      "order_date": "2023-10-30",
      "order_time": "06:07:07",
      "order_timestamp": "2004-09-03 14:16:05",
      "order_status": "Reprehenderit aut fugiat.",
      "amount": 541.23,
      "is_discount_applied": false
    },
    {
      "order_id": 87,
      "customer_id": "9a6701d7-579e-4f7c-8116-4c1ae165c2de",
      "order_date": "2022-12-03",
      "order_time": "23:14:46",
      "order_timestamp": "1973-01-27 18:08:41",
      "order_status": "Fugit quis at est. Dicta quaerat possimus.",
      "amount": 894.73,
      "is_discount_applied": false
    },
    {
      "order_id": 88,
      "customer_id": "6f461121-8611-496b-a52e-e1c35a621b49",
      "order_date": "2020-06-21",
      "order_time": "11:43:41",
      "order_timestamp": "1981-04-17 01:14:18",
      "order_status": "Quaerat ad eveniet molestiae illum.",
      "amount": 663.71,
      "is_discount_applied": true
    },
    {
      "order_id": 89,
      "customer_id": "7e086260-823b-46d0-8219-4d6a86403004",
      "order_date": "2022-05-05",
      "order_time": "05:28:24",
      "order_timestamp": "1972-12-17 22:51:25",
      "order_status": "Eligendi porro culpa eligendi facilis.",
      "amount": 323.41,
      "is_discount_applied": false
    },
    {
      "order_id": 90,
      "customer_id": "7e086260-823b-46d0-8219-4d6a86403004",
      "order_date": "2021-02-10",
      "order_time": "19:51:04",
      "order_timestamp": "2020-11-02 16:58:14",
      "order_status": "Dolore quam repellat.",
      "amount": 609.95,
      "is_discount_applied": false
    },
    {
      "order_id": 91,
      "customer_id": "29937ee9-1f3f-4d9e-8d33-14d8d4d84239",
      "order_date": "2021-03-24",
      "order_time": "02:13:15",
      "order_timestamp": "2010-04-07 04:45:03",
      "order_status": "Cupiditate fugiat aperiam odit facilis illum.",
      "amount": 917.39,
      "is_discount_applied": false
    },
    {
      "order_id": 92,
      "customer_id": "bf3011a4-fbb4-4d77-84aa-50732983265b",
      "order_date": "2022-09-14",
      "order_time": "17:25:19",
      "order_timestamp": "2018-10-05 23:41:57",
      "order_status": "Incidunt excepturi reiciendis.",
      "amount": 868.78,
      "is_discount_applied": false
    },
    {
      "order_id": 93,
      "customer_id": "7932b55a-9cd9-4f02-b581-950b3a7bd953",
      "order_date": "2023-01-18",
      "order_time": "17:57:29",
      "order_timestamp": "2003-06-18 08:45:32",
      "order_status": "In laudantium accusamus.",
      "amount": 681.36,
      "is_discount_applied": true
    },
    {
      "order_id": 94,
      "customer_id": "00507db6-1369-41bf-8ecb-c01ef99f4b00",
      "order_date": "2021-08-13",
      "order_time": "23:08:30",
      "order_timestamp": "1993-05-22 11:42:58",
      "order_status": "Ab placeat a quos.",
      "amount": 196.49,
      "is_discount_applied": false
    },
    {
      "order_id": 95,
      "customer_id": "6b72a7e3-4f79-4c47-9387-760338d36b05",
      "order_date": "2020-10-22",
      "order_time": "05:34:18",
      "order_timestamp": "2023-03-08 12:55:48",
      "order_status": "Et id facere velit dolor occaecati explicabo.",
      "amount": 871.98,
      "is_discount_applied": true
    },
    {
      "order_id": 96,
      "customer_id": "1e8da896-7c5c-438c-af54-c4f99d91cc2b",
      "order_date": "2021-04-27",
      "order_time": "18:05:26",
      "order_timestamp": "1997-04-05 17:39:32",
      "order_status": "Voluptatibus voluptatibus nobis.",
      "amount": 294.41,
      "is_discount_applied": true
    },
    {
      "order_id": 97,
      "customer_id": "c4fe3070-73e4-4b44-86c0-27af37a388ce",
      "order_date": "2021-06-26",
      "order_time": "08:30:26",
      "order_timestamp": "1977-02-19 00:34:20",
      "order_status": "Rem magni mollitia suscipit.",
      "amount": 302.09,
      "is_discount_applied": true
    },
    {
      "order_id": 98,
      "customer_id": "d09469b6-4ff6-4c52-ba63-d5e888576415",
      "order_date": "2021-07-18",
      "order_time": "00:48:30",
      "order_timestamp": "1991-01-06 06:14:28",
      "order_status": "Nobis in veritatis suscipit.",
      "amount": 604.92,
      "is_discount_applied": false
    },
    {
      "order_id": 99,
      "customer_id": "1e8da896-7c5c-438c-af54-c4f99d91cc2b",
      "order_date": "2023-03-23",
      "order_time": "09:02:50",
      "order_timestamp": "2006-11-17 15:12:31",
      "order_status": "Magnam beatae dolorum.",
      "amount": 737.4,
      "is_discount_applied": false
    },
    {
      "order_id": 100,
      "customer_id": "c205f200-05a2-479d-a9f5-ea0c9d356b6f",
      "order_date": "2020-12-04",
      "order_time": "15:40:04",
      "order_timestamp": "1989-10-11 01:35:32",
      "order_status": "Mollitia itaque reiciendis voluptatem.",
      "amount": 821.93,
      "is_discount_applied": false
    }
  ]
}