customer_id,customer_name,email,country,age,is_premium,customer_tier
5435fa4a-0272-434c-a367-f1aba4bc2f71,Jake Wright-Patel,tmason@example.org,Atque neque molestias.,75,False,Architecto at necessitatibus officiis quam.
9fbb4ebf-7b99-4e53-8d99-afb0579265a1,Miss Joanne Morris,zgriffin@example.com,Consequatur tempora sapiente quis earum.,25,True,illum
29b92ac1-c7f4-4f34-9323-30d662d705b8,Dr Andrea Griffiths,june47@example.net,Placeat quis nam quam similique ipsam iure.,88,False,Ab dolores laudantium voluptatum.
d9905cb8-a1c1-43cd-8dad-3bef49eda450,William Thomas,stanleymay@example.net,Aliquid laborum et a error.,22,False,Eveniet tempora illo molestias.
01c9e00c-968c-4bd1-9347-1aa3131d3bae,Mrs Kathleen Sharpe,junephillips@example.org,Minima impedit voluptas sapiente.,74,True,mollitia
81105434-ab86-4a5e-9ce8-09b12317831c,Mr Tom Brown,npatel@example.com,Nulla adipisci saepe.,36,True,omnis
e6d48918-97f6-4fc1-9d2d-240be8f8e5a5,Sandra Perry,kelly19@example.com,Vero quia sunt. Ut quas nam quae aliquam.,46,False,Aliquam sed id autem dolorem culpa voluptates ut.
21073ec9-1924-42ab-8e59-b8446a71eb05,Rosemary White,ann92@example.net,Ipsa quo a mollitia perspiciatis aperiam.,32,True,dolore
220c6357-70ca-41a3-9172-cb7f163d7cac,Ms Debra Stevens,wwalker@example.net,Minus reiciendis excepturi maxime.,53,True,itaque
eb84adb6-480e-4053-8cab-07ab18e76159,Dr Nicholas Williams,oliver00@example.net,Quaerat dicta quaerat placeat.,77,True,qui
147343a0-de7b-4077-8eb3-c83998ee2cf8,Henry Sanderson-Dodd,ritajones@example.com,Id cupiditate quod alias reprehenderit.,88,True,cum
448797dd-77cf-49c7-ade2-346c8a0cd87a,Alison Edwards,jemma57@example.net,A nihil perferendis similique voluptatum.,22,True,velit
dcb77614-a5e0-4fed-9c4b-a811672dd22a,Lorraine Price,nicole44@example.com,Officia vel eligendi maxime minus.,57,True,nisi
6f7e238c-9288-4eb8-98fc-b2b3513410f0,Anne Taylor,jodie88@example.net,Delectus aliquid quo necessitatibus.,27,False,Provident hic omnis quo eius nihil distinctio.
29937ee9-1f3f-4d9e-8d33-14d8d4d84239,Clare King,gthomas@example.net,A dignissimos tenetur in harum blanditiis.,26,True,porro
0b6c2bf2-0ea3-4ef6-8c42-145b7b48c934,Miss Lynn Brookes,sophie50@example.org,Eligendi est quam nemo vitae commodi sequi.,39,False,Ipsam fuga assumenda.
0e58017b-aa82-497c-a2e2-ee1cbe58a170,Nicholas Jackson-Pugh,annette18@example.org,Dolorum iusto consequatur labore modi rerum.,30,True,repellat
38845d28-2285-416b-864a-1d0a83638a4f,Naomi Clarke,hspencer@example.com,Repellat sint eius non harum.,65,False,Tenetur consequuntur pariatur voluptatem quam.
51980cf9-160f-4ead-8eb2-876784e1bb98,Robert Kaur,billyhill@example.net,Excepturi quis blanditiis amet.,37,True,neque
c4b40f26-8dd2-494b-a47b-641a04940407,Ian Taylor,nbailey@example.com,Quos non placeat dicta vitae.,63,True,dolore
2071b950-b8c5-4b22-85b9-2753249da1b9,Leslie Bailey,tsmith@example.net,Nam doloribus rerum.,33,True,numquam
792c96d0-df3f-4362-ad0a-975b93064db0,Ms Julie Booth,janet69@example.net,Nemo rem cupiditate quo. Excepturi eius ex sequi.,32,True,aliquam
2a44a880-36ae-4819-bdef-8dfb3ba5002e,Kyle Green,victor34@example.org,Ex dolorum soluta facilis debitis quia.,57,False,Voluptatum eveniet eos. At hic neque.
00507db6-1369-41bf-8ecb-c01ef99f4b00,Nicole Roberts,stephanie55@example.net,Nisi assumenda quisquam.,87,False,Aut veniam recusandae velit.
a1a88dcb-9f60-4619-9789-db0a919d8ea8,Billy Burgess-Harding,humphreysjack@example.com,Consequuntur odit inventore repudiandae.,65,True,fugit
aa161a09-9b7d-49e2-8525-a5daa7db3bd4,Mr Joel Arnold,johnstonalison@example.org,Odit numquam deserunt consequuntur nam ab.,78,True,dolor
6f461121-8611-496b-a52e-e1c35a621b49,Mr Clive Ali,vward@example.org,Sequi id repellat nisi ea qui.,39,False,Eius consequuntur accusamus eum.
022805c5-7433-4e77-b8dc-d6a09982a79f,Kim Cook,francischarles@example.com,Tempora asperiores ipsam numquam porro ab.,28,True,quae
c5798382-ddd7-4f78-873f-cd60d7c149a7,Dr Cameron Wilson,whitekirsty@example.org,Sit nobis quo officiis nesciunt magnam.,37,False,A explicabo iusto voluptas.
456fb957-2319-4c82-be57-af5dc860c9a4,Dorothy Murphy-Bowen,anoble@example.net,Placeat esse unde nulla error.,49,True,doloremque
06d2dffe-0eb2-4086-aa23-ac5ee020114f,Miss Amber Black,lynn77@example.org,Quas autem error ad commodi aliquam quo.,78,True,delectus
07e5fb1d-ef86-42d6-ab71-1593036269bd,Callum Wood,louise70@example.org,Iusto ipsam facere amet possimus omnis.,72,True,consequuntur
63e1aaeb-2c2e-4ff8-a92b-8c8d1a8e137f,Ms Paula Stephens,benjamin44@example.net,Quae aut aliquam.,34,False,Ratione perferendis ullam asperiores.
83d8f3b4-1165-4f1b-8480-867eacdbbaaf,Georgina White,paulajames@example.com,Deserunt labore distinctio.,86,True,tempora
027642e3-3f7f-4f26-be72-f4b437b0a726,Jamie Holmes,fmurray@example.org,Eaque fuga commodi unde. Minima dolorum sapiente.,72,True,odit
6ad402b9-468a-46fb-bdc6-efa845907849,Mr James Stevens,ann80@example.com,Qui voluptates ab quaerat.,50,True,sequi
1e8da896-7c5c-438c-af54-c4f99d91cc2b,Mr Henry Edwards,joannawilson@example.com,Quasi eligendi quidem nulla commodi.,29,True,similique
59d4b715-126c-44a9-b90e-75385528158f,Lesley Mann-Smith,amy38@example.com,Maxime dolorum atque quidem.,26,True,eos
d09469b6-4ff6-4c52-ba63-d5e888576415,Timothy Lee,hiltoncraig@example.org,Soluta esse omnis velit.,78,True,suscipit
bf9d21be-5c14-4cb5-ad1f-fae3f841c16b,Mr Stuart Ward,simon34@example.org,Tempore sit eum.,36,False,Eveniet expedita iusto.
cc236931-3a78-462a-bfb4-e4a45a564994,Carl Hall,kimberleybarnes@example.net,Deleniti nobis illo ipsam at.,28,False,Magni eaque at pariatur voluptate.
1a062f60-0a12-42c7-906b-8e59485e0fc1,Janet Stewart,david11@example.org,Sequi accusamus quas magni dicta magni.,33,True,velit
0a81c381-230d-4168-b959-cd87b5a9ae5c,Owen Hurst,greenwoodmarilyn@example.net,Consectetur id quae atque.,54,False,Repellendus sequi nisi laborum.
7e086260-823b-46d0-8219-4d6a86403004,Phillip Wilson,wallisamber@example.com,Voluptas beatae repellendus adipisci.,47,False,Facilis aliquam modi.
ef824eab-dfe9-4035-9ec8-e3a337f08546,Andrew Berry,darrenjones@example.org,Tenetur quasi reiciendis itaque sunt.,50,False,Totam numquam ducimus tenetur vitae.
1ac05dac-d666-4944-b74b-9296b5404d93,Mrs Marian Day,pfraser@example.net,Incidunt error optio officiis nisi harum.,72,True,eaque
54e2068d-5f1b-4024-8190-bd89d1381cb3,Nathan Taylor,sam90@example.org,Enim beatae natus id a maiores recusandae.,51,True,harum
0ba2a599-e6d1-40b0-8cea-81926c613886,Mrs Paige Robinson,stevenhussain@example.com,Debitis quisquam culpa odit dolorem vitae sint.,59,False,Ut architecto eligendi libero quia.
16c37643-c636-4997-9f4a-e61481f0a88d,Dr Kenneth Cameron,deborahreid@example.com,Cumque officia esse natus modi a accusamus.,72,False,Quis voluptate labore provident rem.
bf3011a4-fbb4-4d77-84aa-50732983265b,Denise Lees,juliastephenson@example.org,Ullam fugiat amet fuga iure sed natus.,20,False,Eaque recusandae laborum ex.
6a5dfd2e-9a2c-4dc0-b08c-4a75acfb1307,Ms Paige Wilson,connorwilliamson@example.org,Libero ex eius eligendi sapiente.,80,True,accusamus
7932b55a-9cd9-4f02-b581-950b3a7bd953,Elliott Gardner-Wallis,dforster@example.net,Iusto molestiae voluptatem aperiam.,35,False,Harum et quo quas. Inventore ipsa minus saepe.
4d01f453-0a64-4637-86d8-09fcd46f8c17,Gemma Jones,jeffreynicholls@example.net,Quia quia eaque ut.,29,True,sunt
d07a7cc8-142a-4828-9927-d2efc147c01d,Miss Kerry Kelly,thomas60@example.net,Facilis iure dolorem quasi debitis.,52,True,odit
dadb8046-2ed6-4da7-a564-426c2a833a2b,Geraldine Randall,bethjones@example.org,Laboriosam veritatis occaecati similique aperiam.,87,True,natus
9ff45e87-b569-40cb-a545-be315f4b79b8,Mrs Marion King,eperry@example.com,Eos quos temporibus quae.,71,True,consequatur
2ce892a0-2841-46fe-92f3-33377b8c0cfb,Joshua Knowles-Jones,thompsonsean@example.net,Possimus quos aut laborum sed.,19,False,Cumque aut veniam sequi.
6ca3a638-6601-48a5-98a8-81dc5599527d,Lorraine Buckley,obriengary@example.net,Necessitatibus aliquid voluptatem hic.,23,True,sint
24e433c4-f74b-4daf-b84c-d92018d30748,Ms Melanie Ford,joelrichards@example.org,Iusto nisi odit provident. Modi nisi sunt.,59,False,Quis possimus debitis labore optio distinctio.
8e9dd54c-784e-4490-9e77-f3df7f09ec2c,Marion Hamilton-Andrews,nicolanash@example.org,Perspiciatis laboriosam officia veritatis.,51,True,odio
cb006fe0-c032-4d85-ad27-22b63343e24e,Dr Cameron Jones,barberdavid@example.org,Doloribus ea eveniet aspernatur cumque.,29,False,Ad molestias nihil soluta.
6fa21fed-e08d-4b0a-8b50-2ac2383e8e0d,Fiona Howard-Mills,deanbyrne@example.net,Voluptatem nesciunt suscipit tenetur atque.,53,False,Quae ex ullam veritatis nihil non eligendi.
3a7abcb7-032d-47cb-a3b2-2ef24b3993fd,Dr Megan Johnson,davidturner@example.org,Aliquam repudiandae iste vero aperiam quasi.,67,True,fugit
22d3173e-9d54-4842-aba1-45653ea896fb,Hannah Parker,hjohnson@example.net,Odit nam ullam quae totam mollitia quisquam.,21,True,magni
a629fca4-463d-4209-ac6f-1c8fb3381cbd,Michelle Francis,mwilliams@example.net,Quis aliquid omnis doloremque.,83,True,molestiae
71b930b0-f23d-4a13-a04b-fe9c5ae43cf1,Hayley Smith,iwood@example.net,Amet maxime a itaque porro.,56,False,Omnis deserunt quas.
6b72a7e3-4f79-4c47-9387-760338d36b05,Josephine Sutton,aliharriet@example.org,Sit saepe a vero quam sint.,31,False,Temporibus repudiandae nihil ab officiis.
2d76a593-82e3-4f3c-83f2-e49109011580,Patrick Blackburn,jenkinsjayne@example.com,Nobis deleniti dolorum ea.,71,True,nihil
4a38a869-4e8e-4918-a4cc-148f330443d4,Emma Hutchinson,youngtrevor@example.net,Odio earum maiores ab dolorum facere.,88,True,nisi
8598d293-d65e-40da-9d55-caa4a0426c48,Miss Deborah Elliott,dalemurphy@example.net,Sapiente quasi quibusdam corporis earum fuga.,36,False,Id assumenda hic quam.
6cf15d04-cc23-4931-9a69-4c0192f567fb,Josephine Smith,kayleighgilbert@example.net,Sequi dolorum perferendis est.,76,True,commodi
c4fe3070-73e4-4b44-86c0-27af37a388ce,Owen Carter,joshua77@example.net,Inventore laborum tempora cupiditate.,82,True,vitae
05264cf5-47b0-4f1d-9b95-d29f1f902b68,Josh Taylor-Fleming,slaterpatrick@example.org,Eaque omnis occaecati aut.,33,False,Inventore illo minus velit iste quod quis.
74293d38-75c8-4266-9eb3-bdbbcbad07b5,Simon Knight,lindseysmith@example.com,Alias perspiciatis eaque praesentium minus.,86,True,nesciunt
82f9b0bb-6b8c-464d-b436-61a22163d89f,Joel Carey,lstephens@example.org,Laborum repellendus rerum tempore expedita.,64,True,sapiente
cb9faaae-4c91-4373-b5e1-54387e042e42,Eileen Robinson,bennetttracey@example.org,Nihil excepturi temporibus.,43,False,Modi inventore voluptatem qui provident numquam.
b90a0391-c996-494e-ace2-a0a76b629a4c,Mr Antony Graham,mrichards@example.com,Sit quis temporibus enim optio explicabo.,30,True,eum
12ea1a3b-eb91-4553-8134-8782e9128a41,Dr Damian Nicholson,bhawkins@example.com,Odit in corrupti.,67,True,fugit
7d8915f4-b632-4aa6-9c7e-7a269ed312d8,Hilary Webb-Hall,gailpearce@example.org,Animi dolorum eaque eligendi odio nisi repellat.,36,True,veniam
b332b16d-c45c-4558-9774-0ab8d877119f,Jane Brown,edwardslynn@example.com,Recusandae hic dolor id.,77,False,Ab nam maxime sint corrupti.
8046bcbd-c274-4146-b277-87db7adf8c4d,Ms Georgia Bennett,francismatthews@example.com,Deserunt quidem possimus quam molestiae ex totam.,83,False,Saepe deleniti ratione numquam sunt.
05b5e021-e3ea-4d35-b85d-2afbdc98a06d,Hollie Hughes,gordon11@example.net,Aut qui laboriosam veritatis.,85,False,Voluptatem sint itaque tenetur in nobis.
6808c0c4-0e88-4274-aa0a-4ef0ca26707d,Rachel Wallis,marianhamilton@example.org,Nulla porro laborum corporis omnis.,54,True,quae
34a4b846-3c28-42f6-a5bc-3dce7a73880b,Maurice Glover,trevor55@example.com,Blanditiis magni minus porro.,75,False,Adipisci inventore deserunt quas.
f8849c65-d6b3-4d38-a10b-4dcc9f1febce,Kathleen Dixon-Johnson,lynn74@example.com,Eum hic id dolorem.,81,True,doloremque
74ccdb2e-0794-4e68-ad7a-c2874881c606,Mrs Joyce Young,charlotte91@example.net,Vitae a aperiam suscipit ea.,79,False,Omnis ab enim qui.
c205f200-05a2-479d-a9f5-ea0c9d356b6f,Alice Preston,grose@example.com,Dolorem expedita ex modi omnis accusamus aliquam.,39,False,Ullam exercitationem consectetur nemo.
beb85684-1caa-4e62-b303-6237a1718645,Russell Taylor,tracey51@example.com,Corporis perferendis quas quas harum quae.,23,False,Enim doloribus quasi alias commodi.
44f53b68-b948-4552-ab60-fe2652668ccc,Heather White,bsmith@example.com,Quo distinctio enim facilis.,70,False,Aut ex aut impedit qui. Nobis eum illum.
c9b6e4e8-0f17-4c1d-8836-14e5c48d4a5a,Alex Griffiths,derek80@example.com,Enim amet et eligendi placeat.,19,False,A error quisquam numquam.
45012dc3-32e9-430f-a96c-301fb06d013e,Ms Shannon Smith,smithsara@example.com,Eaque quo nam exercitationem ab repellat.,35,False,Ad minus dignissimos iste rem veniam tenetur.
cd534320-f685-4ab2-9197-5e17f39006e8,Dr Christian Wilkins,kevinandrews@example.com,Est dolor placeat reprehenderit.,39,False,Eveniet aliquid nam voluptas nihil.
140b085b-7369-4ac5-a0be-17ba78e4448f,Miss Stephanie Watkins,barrykaren@example.com,Praesentium laborum aperiam iure placeat maiores.,31,False,Sunt porro rerum.
9a6701d7-579e-4f7c-8116-4c1ae165c2de,Geraldine Heath,williamsanders@example.com,Officiis harum ab quis laboriosam.,22,True,odio
72f18faf-8bd5-4a2a-a58f-d05318f386ee,Gerard Macdonald,pdoherty@example.net,Veritatis repellendus eum animi libero.,83,True,saepe
eb105499-5a47-417e-b6a7-4c5e911c5251,Sarah Mitchell-Scott,chloe83@example.com,Ad illo aliquam asperiores occaecati.,65,False,Eius eaque impedit nam.
198651c3-4b7b-458b-ba3e-7acd563fa0ce,Ms Carol Phillips,nortonhannah@example.net,Officia tenetur cumque.,59,False,Hic eaque saepe reprehenderit.
d2a279b2-69a7-40c4-9496-39e869eb58f0,Kimberley Miah,natasha18@example.net,Distinctio blanditiis minus eaque corrupti.,71,False,Voluptatem aspernatur modi labore modi.
d76e0c8a-1d72-4252-a24e-28b2318ca7a9,Christine Wheeler,melaniemiles@example.net,Vel rem fugit maxime repudiandae voluptate rerum.,69,False,Labore maxime quibusdam ea minus nobis fugit.
cb8000c7-e179-457e-9663-8e53b0852202,Glenn Price,tsummers@example.net,Numquam possimus quam officia sint.,26,False,Aliquam deleniti itaque voluptates dolorum.
