{
  "generation_timestamp": "2025-06-11T18:29:10.614711",
  "generator_type": "OptimizedDataGenerator",
  "configuration": {
    "total_tables": 2,
    "records_per_table": 10000,
    "output_format": "csv",
    "output_directory": "./output/20250611_182909",
    "locale": "en_GB"
  },
  "summary_statistics": {
    "successful_tables": 2,
    "failed_tables": 0,
    "total_records_generated": 200,
    "total_duration_seconds": 0.315388,
    "average_records_per_second": 634.1395360635154
  },
  "optimized_generator_performance": {
    "cache_size_limit": 50000,
    "batch_fk_refresh_threshold": 10000,
    "total_fk_pools": 1,
    "total_unique_constraints": 0,
    "total_generated_tables": 2
  },
  "table_details": {
    "customer": {
      "records_generated": 100,
      "primary_keys_generated": 100,
      "duration_seconds": 0.178357,
      "records_per_second": 560.6732564463408
    },
    "orders": {
      "records_generated": 100,
      "primary_keys_generated": 100,
      "duration_seconds": 0.137031,
      "records_per_second": 729.7618786989806
    }
  }
}