order_id,customer_id,order_date,order_time,order_timestamp,order_status,amount,is_discount_applied
1,448797dd-77cf-49c7-ade2-346c8a0cd87a,2022-09-21,05:40:38,1997-03-28 21:53:09,Error nemo hic debitis.,434.2,True
2,01c9e00c-968c-4bd1-9347-1aa3131d3bae,2020-03-10,10:39:33,1999-12-15 03:59:01,Reprehenderit aut asperiores. Alias maxime ullam.,515.96,True
3,d07a7cc8-142a-4828-9927-d2efc147c01d,2023-12-08,14:19:59,2021-09-10 00:15:50,Impedit in in et eligendi harum ab.,337.06,True
4,a629fca4-463d-4209-ac6f-1c8fb3381cbd,2021-01-22,10:35:21,1999-06-08 00:23:11,Maiores perspiciatis odit sint.,341.28,False
5,6ca3a638-6601-48a5-98a8-81dc5599527d,2023-01-02,12:53:12,1970-05-19 09:17:39,Eos fugit laboriosam possimus laudantium quis.,897.07,True
6,0e58017b-aa82-497c-a2e2-ee1cbe58a170,2021-02-09,22:29:22,2017-04-14 18:06:44,Nisi dignissimos ipsa earum non qui.,359.6,False
7,5435fa4a-0272-434c-a367-f1aba4bc2f71,2022-01-11,13:19:16,2008-03-20 14:18:08,Eligendi id aliquam inventore.,99.5,False
8,2071b950-b8c5-4b22-85b9-2753249da1b9,2023-05-02,19:19:03,2013-08-04 11:34:19,Omnis laboriosam fuga asperiores velit aliquam.,941.45,True
9,6f461121-8611-496b-a52e-e1c35a621b49,2023-05-26,02:03:56,1993-03-09 08:18:58,Sint sequi aliquid odio.,309.3,True
10,16c37643-c636-4997-9f4a-e61481f0a88d,2022-12-24,22:34:23,2005-04-25 14:18:04,Praesentium maiores odit nobis.,488.13,True
11,4d01f453-0a64-4637-86d8-09fcd46f8c17,2020-02-22,22:11:28,2024-11-10 07:33:14,Sunt enim dolor numquam.,371.61,False
12,d2a279b2-69a7-40c4-9496-39e869eb58f0,2023-01-13,04:18:52,2008-01-26 10:04:40,Cumque placeat maiores mollitia qui hic hic.,481.57,False
13,c9b6e4e8-0f17-4c1d-8836-14e5c48d4a5a,2022-08-17,08:04:52,2016-04-06 06:33:01,Rem minus aliquam ad vero excepturi.,348.69,False
14,1ac05dac-d666-4944-b74b-9296b5404d93,2023-12-28,21:31:38,1988-02-21 09:49:00,Expedita nam delectus recusandae quas.,680.6,True
15,7e086260-823b-46d0-8219-4d6a86403004,2020-10-09,15:01:05,2000-01-11 16:09:09,Fugit quod exercitationem recusandae.,143.06,False
16,4d01f453-0a64-4637-86d8-09fcd46f8c17,2023-10-22,11:07:09,2008-04-06 03:55:29,Incidunt dolores aperiam cumque qui.,57.85,True
17,eb105499-5a47-417e-b6a7-4c5e911c5251,2022-06-16,13:06:22,1981-10-31 02:19:52,Saepe ullam rem. Fugit animi quos harum.,775.35,True
18,9a6701d7-579e-4f7c-8116-4c1ae165c2de,2022-07-16,23:44:32,2021-06-26 01:47:29,Quod at exercitationem placeat.,380.96,False
19,d09469b6-4ff6-4c52-ba63-d5e888576415,2022-12-27,09:49:21,1995-06-22 06:08:32,Itaque atque quos dolorum non consectetur.,953.29,True
20,2a44a880-36ae-4819-bdef-8dfb3ba5002e,2020-09-25,13:27:48,2020-02-03 06:54:57,Natus mollitia labore nobis repellendus.,385.16,False
21,6ad402b9-468a-46fb-bdc6-efa845907849,2020-02-13,14:17:33,1994-02-19 02:59:09,Quae sed sequi ipsa officiis impedit ea.,954.47,True
22,cb9faaae-4c91-4373-b5e1-54387e042e42,2023-02-14,18:42:57,1999-05-04 05:56:24,Eos voluptatum hic.,958.25,False
23,d76e0c8a-1d72-4252-a24e-28b2318ca7a9,2022-07-05,17:51:32,1970-07-08 03:42:02,Sequi consectetur enim.,939.08,False
24,d9905cb8-a1c1-43cd-8dad-3bef49eda450,2021-08-28,20:36:30,1975-02-26 04:49:52,Dolorum quis voluptate.,167.24,True
25,34a4b846-3c28-42f6-a5bc-3dce7a73880b,2023-04-17,01:04:24,1985-10-19 20:36:20,Cupiditate ullam sit.,483.98,False
26,9fbb4ebf-7b99-4e53-8d99-afb0579265a1,2023-03-11,08:31:26,1980-06-02 10:23:44,Suscipit maxime eveniet.,391.43,True
27,05264cf5-47b0-4f1d-9b95-d29f1f902b68,2023-12-01,22:35:43,1992-11-14 07:28:33,Laboriosam optio atque tempora ratione.,492.81,False
28,3a7abcb7-032d-47cb-a3b2-2ef24b3993fd,2023-03-20,17:23:11,1984-02-23 05:12:42,Recusandae natus doloribus impedit eligendi.,926.78,False
29,022805c5-7433-4e77-b8dc-d6a09982a79f,2022-08-16,02:27:21,1995-12-23 14:38:06,In corporis optio facilis facilis mollitia.,684.67,True
30,59d4b715-126c-44a9-b90e-75385528158f,2021-05-25,20:46:44,1991-04-06 05:05:57,Excepturi earum deserunt ipsam consequatur et.,721.09,True
31,74ccdb2e-0794-4e68-ad7a-c2874881c606,2020-12-17,03:06:10,1979-02-23 09:54:51,Rerum vel ad eius sequi dolores.,513.08,True
32,022805c5-7433-4e77-b8dc-d6a09982a79f,2020-12-31,03:27:23,2022-01-15 08:06:53,Laborum dolorem commodi minima facere culpa.,449.58,False
33,16c37643-c636-4997-9f4a-e61481f0a88d,2020-03-27,00:51:43,2018-07-06 20:06:17,Deleniti accusamus nam ad. Ex magni laborum.,659.44,False
34,1ac05dac-d666-4944-b74b-9296b5404d93,2021-05-20,14:42:58,1974-07-18 14:01:17,Quis nobis ab consectetur quas.,817.83,False
35,38845d28-2285-416b-864a-1d0a83638a4f,2020-03-31,22:10:19,2023-08-20 15:32:07,Accusantium eum repellendus aperiam labore.,413.76,True
36,21073ec9-1924-42ab-8e59-b8446a71eb05,2022-09-14,13:18:16,1995-03-27 09:52:31,At itaque quasi iste numquam non.,378.83,False
37,83d8f3b4-1165-4f1b-8480-867eacdbbaaf,2023-03-06,09:05:57,1989-05-26 21:40:18,At quaerat architecto saepe nobis cum numquam.,857.42,False
38,12ea1a3b-eb91-4553-8134-8782e9128a41,2020-02-17,00:00:28,2000-11-16 03:50:47,Quos exercitationem vel labore eaque.,394.13,True
39,16c37643-c636-4997-9f4a-e61481f0a88d,2020-03-02,04:55:58,1986-09-03 06:02:52,Soluta blanditiis corrupti.,142.52,False
40,b332b16d-c45c-4558-9774-0ab8d877119f,2020-08-09,04:05:25,1981-05-27 04:56:21,Nam libero consequuntur odio.,954.4,False
41,0ba2a599-e6d1-40b0-8cea-81926c613886,2020-10-19,12:24:03,1981-06-03 03:49:43,Illum ea vel sequi eos.,407.77,False
42,456fb957-2319-4c82-be57-af5dc860c9a4,2020-09-22,12:45:30,1999-03-30 13:56:12,Saepe consequatur molestiae quae.,669.62,True
43,140b085b-7369-4ac5-a0be-17ba78e4448f,2021-10-19,22:28:22,1982-02-26 23:17:22,Ipsam ipsum repudiandae vitae id.,893.82,False
44,d9905cb8-a1c1-43cd-8dad-3bef49eda450,2023-04-22,06:48:15,1987-10-29 00:29:29,Molestias qui ut adipisci.,877.05,False
45,d09469b6-4ff6-4c52-ba63-d5e888576415,2022-07-30,06:57:07,1982-04-09 19:07:08,Eligendi mollitia alias id blanditiis labore.,819.36,True
46,7d8915f4-b632-4aa6-9c7e-7a269ed312d8,2020-04-27,11:10:52,2022-05-03 14:55:15,Sequi inventore consectetur numquam.,833.57,False
47,8598d293-d65e-40da-9d55-caa4a0426c48,2022-11-15,02:40:48,1986-01-20 11:01:15,Voluptate veritatis in odit.,894.83,True
48,c9b6e4e8-0f17-4c1d-8836-14e5c48d4a5a,2020-01-25,15:38:38,1999-02-18 20:07:12,Occaecati ullam quae magni. Velit vero a.,61.35,False
49,a1a88dcb-9f60-4619-9789-db0a919d8ea8,2020-06-01,03:22:34,1998-07-28 05:31:07,Quis ducimus iure atque perferendis itaque.,748.67,True
50,c4b40f26-8dd2-494b-a47b-641a04940407,2022-09-29,10:57:47,2012-01-14 22:04:49,Repellendus facere autem sed.,682.24,False
51,6b72a7e3-4f79-4c47-9387-760338d36b05,2023-02-03,18:07:27,2005-04-24 15:49:57,Voluptates fugiat repellendus modi iste corporis.,435.62,False
52,05264cf5-47b0-4f1d-9b95-d29f1f902b68,2021-09-25,15:08:14,2014-12-22 09:27:11,Distinctio quia ad nihil mollitia.,109.54,False
53,5435fa4a-0272-434c-a367-f1aba4bc2f71,2023-06-26,10:44:07,1998-12-12 17:50:36,At eius similique.,186.27,False
54,07e5fb1d-ef86-42d6-ab71-1593036269bd,2023-08-12,03:24:39,1984-03-22 05:38:32,Aut iste nesciunt.,349.0,True
55,72f18faf-8bd5-4a2a-a58f-d05318f386ee,2021-03-10,04:18:41,1988-01-07 15:06:32,Tempore libero sequi dignissimos corrupti.,265.13,True
56,448797dd-77cf-49c7-ade2-346c8a0cd87a,2020-06-24,01:38:33,2007-12-20 06:38:43,Soluta sint possimus. Hic soluta illo dolor nisi.,597.83,True
57,c205f200-05a2-479d-a9f5-ea0c9d356b6f,2020-11-14,02:18:18,1974-10-18 17:15:46,Labore natus incidunt sapiente iusto.,756.39,False
58,7e086260-823b-46d0-8219-4d6a86403004,2021-02-02,07:30:12,1992-05-14 23:15:03,Repudiandae animi explicabo ipsa numquam.,946.54,True
59,eb84adb6-480e-4053-8cab-07ab18e76159,2020-01-04,23:24:48,2019-02-22 19:39:42,Error labore earum exercitationem illo animi.,96.51,False
60,eb105499-5a47-417e-b6a7-4c5e911c5251,2020-12-28,17:03:43,2001-12-26 18:28:12,Tempore voluptate expedita molestiae.,926.29,False
61,6f461121-8611-496b-a52e-e1c35a621b49,2020-05-14,07:02:50,1996-03-15 04:42:51,Tempora enim repellendus nihil ad repudiandae.,467.5,False
62,140b085b-7369-4ac5-a0be-17ba78e4448f,2023-09-17,16:30:52,1978-03-11 23:46:36,Quae alias porro corrupti quasi in.,405.2,False
63,cb006fe0-c032-4d85-ad27-22b63343e24e,2023-05-08,20:24:26,1975-07-27 23:36:05,Illo vero quasi laboriosam quasi ab.,763.72,True
64,38845d28-2285-416b-864a-1d0a83638a4f,2020-12-07,00:49:59,1995-04-01 16:05:40,Officia ipsa quae amet autem.,219.99,False
65,82f9b0bb-6b8c-464d-b436-61a22163d89f,2022-05-29,10:03:43,1981-12-30 07:34:43,Nam possimus beatae quibusdam.,380.81,False
66,74ccdb2e-0794-4e68-ad7a-c2874881c606,2022-07-07,09:37:38,1991-07-23 11:43:30,Blanditiis incidunt fugiat nam.,973.89,True
67,d09469b6-4ff6-4c52-ba63-d5e888576415,2022-04-14,01:09:29,2004-01-09 12:40:51,Porro ad quod similique.,415.91,False
68,21073ec9-1924-42ab-8e59-b8446a71eb05,2023-10-16,17:04:22,1973-07-07 11:15:37,Delectus a deleniti dicta inventore cumque.,718.01,False
69,9fbb4ebf-7b99-4e53-8d99-afb0579265a1,2022-11-05,11:14:43,1973-10-25 23:21:49,Temporibus nisi accusantium.,615.8,True
70,7d8915f4-b632-4aa6-9c7e-7a269ed312d8,2022-09-06,13:43:25,2015-03-18 16:46:02,Voluptatem quaerat facere.,667.04,False
71,9fbb4ebf-7b99-4e53-8d99-afb0579265a1,2023-04-26,23:46:47,1996-04-30 10:00:38,Velit aliquam esse non vel.,130.08,True
72,2d76a593-82e3-4f3c-83f2-e49109011580,2022-12-31,16:38:46,2022-05-18 20:04:48,Error nemo porro ipsa quasi.,774.84,True
73,6ca3a638-6601-48a5-98a8-81dc5599527d,2021-08-20,12:54:55,1984-03-15 21:18:34,Nesciunt porro quae culpa.,917.07,True
74,7932b55a-9cd9-4f02-b581-950b3a7bd953,2021-02-19,16:48:13,2019-01-06 16:40:33,Tempore voluptatibus reiciendis eos aperiam ab.,542.28,False
75,5435fa4a-0272-434c-a367-f1aba4bc2f71,2021-01-29,05:11:24,1998-02-02 01:53:02,Dolorem porro deserunt porro.,535.1,False
76,54e2068d-5f1b-4024-8190-bd89d1381cb3,2020-01-21,11:23:47,2015-06-17 11:31:44,Quasi porro sint totam quos.,915.94,False
77,0b6c2bf2-0ea3-4ef6-8c42-145b7b48c934,2023-02-28,23:49:22,1985-06-19 12:00:07,Voluptatum distinctio ad itaque.,732.82,False
78,34a4b846-3c28-42f6-a5bc-3dce7a73880b,2023-03-23,16:56:25,2016-02-08 02:59:31,Illo id reprehenderit error pariatur.,150.03,True
79,792c96d0-df3f-4362-ad0a-975b93064db0,2021-03-08,16:34:13,1987-08-06 09:37:16,Aspernatur unde est tenetur.,740.39,True
80,63e1aaeb-2c2e-4ff8-a92b-8c8d1a8e137f,2020-11-14,02:59:48,1980-12-10 09:14:32,Voluptas sunt molestiae dicta.,105.46,False
81,7e086260-823b-46d0-8219-4d6a86403004,2020-11-04,08:38:48,2016-07-29 03:04:40,Illum beatae saepe itaque quas architecto non.,554.57,False
82,7e086260-823b-46d0-8219-4d6a86403004,2023-05-02,12:03:28,2012-05-13 13:16:53,Veniam ad fugit facilis laudantium.,957.46,True
83,6fa21fed-e08d-4b0a-8b50-2ac2383e8e0d,2020-09-18,16:58:54,1972-09-09 14:02:21,Molestias ratione commodi corrupti cumque.,895.35,True
84,4d01f453-0a64-4637-86d8-09fcd46f8c17,2020-11-09,15:06:14,1977-06-19 08:23:57,Placeat harum id exercitationem recusandae.,394.73,True
85,448797dd-77cf-49c7-ade2-346c8a0cd87a,2023-10-14,01:49:58,1988-05-13 06:13:53,Quasi voluptates quasi laboriosam minus ducimus.,365.28,True
86,6808c0c4-0e88-4274-aa0a-4ef0ca26707d,2023-10-30,06:07:07,2004-09-03 14:16:05,Reprehenderit aut fugiat.,541.23,False
87,9a6701d7-579e-4f7c-8116-4c1ae165c2de,2022-12-03,23:14:46,1973-01-27 18:08:41,Fugit quis at est. Dicta quaerat possimus.,894.73,False
88,6f461121-8611-496b-a52e-e1c35a621b49,2020-06-21,11:43:41,1981-04-17 01:14:18,Quaerat ad eveniet molestiae illum.,663.71,True
89,7e086260-823b-46d0-8219-4d6a86403004,2022-05-05,05:28:24,1972-12-17 22:51:25,Eligendi porro culpa eligendi facilis.,323.41,False
90,7e086260-823b-46d0-8219-4d6a86403004,2021-02-10,19:51:04,2020-11-02 16:58:14,Dolore quam repellat.,609.95,False
91,29937ee9-1f3f-4d9e-8d33-14d8d4d84239,2021-03-24,02:13:15,2010-04-07 04:45:03,Cupiditate fugiat aperiam odit facilis illum.,917.39,False
92,bf3011a4-fbb4-4d77-84aa-50732983265b,2022-09-14,17:25:19,2018-10-05 23:41:57,Incidunt excepturi reiciendis.,868.78,False
93,7932b55a-9cd9-4f02-b581-950b3a7bd953,2023-01-18,17:57:29,2003-06-18 08:45:32,In laudantium accusamus.,681.36,True
94,00507db6-1369-41bf-8ecb-c01ef99f4b00,2021-08-13,23:08:30,1993-05-22 11:42:58,Ab placeat a quos.,196.49,False
95,6b72a7e3-4f79-4c47-9387-760338d36b05,2020-10-22,05:34:18,2023-03-08 12:55:48,Et id facere velit dolor occaecati explicabo.,871.98,True
96,1e8da896-7c5c-438c-af54-c4f99d91cc2b,2021-04-27,18:05:26,1997-04-05 17:39:32,Voluptatibus voluptatibus nobis.,294.41,True
97,c4fe3070-73e4-4b44-86c0-27af37a388ce,2021-06-26,08:30:26,1977-02-19 00:34:20,Rem magni mollitia suscipit.,302.09,True
98,d09469b6-4ff6-4c52-ba63-d5e888576415,2021-07-18,00:48:30,1991-01-06 06:14:28,Nobis in veritatis suscipit.,604.92,False
99,1e8da896-7c5c-438c-af54-c4f99d91cc2b,2023-03-23,09:02:50,2006-11-17 15:12:31,Magnam beatae dolorum.,737.4,False
100,c205f200-05a2-479d-a9f5-ea0c9d356b6f,2020-12-04,15:40:04,1989-10-11 01:35:32,Mollitia itaque reiciendis voluptatem.,821.93,False
