{
  "generation_timestamp": "2025-06-11T17:58:54.795196",
  "generator_type": "OptimizedDataGenerator",
  "configuration": {
    "total_tables": 2,
    "records_per_table": 20000,
    "output_format": "csv",
    "output_directory": "./output/20250611_175756",
    "locale": "en_GB"
  },
  "summary_statistics": {
    "successful_tables": 2,
    "failed_tables": 0,
    "total_records_generated": 40000,
    "total_duration_seconds": 57.929668,
    "average_records_per_second": 690.4924778785198
  },
  "optimized_generator_performance": {
    "cache_size_limit": 50000,
    "batch_fk_refresh_threshold": 10000,
    "total_fk_pools": 2,
    "total_unique_constraints": 0,
    "total_generated_tables": 2
  },
  "table_details": {
    "address": {
      "records_generated": 20000,
      "primary_keys_generated": 20000,
      "duration_seconds": 17.55475,
      "records_per_second": 1139.2927840043294
    },
    "customer": {
      "records_generated": 20000,
      "primary_keys_generated": 20000,
      "duration_seconds": 40.374918,
      "records_per_second": 495.35704320192053
    }
  }
}