{
  "table_name": "customer",
  "columns": {
    "customer_id": {"type": "int"},
    "first_name": {"type": "string"},
    "last_name": {"type": "string"},
    "email": {"type": "string"},
    "phone_number": {"type": "string"},
    "date_of_birth": {"type": "date"},
    "registration_date": {"type": "date"},
    "address_id": {"type": "int"},
    "age": {"type": "int"},
    "income": {"type": "float"},
    "gender": {"type": "string"}
  },
  "primary_key": ["customer_id"],
  "foreign_keys": [
    {
      "column": "address_id",
      "references": {"table": "address", "column": "address_id"}
    }
  ],
  "rules": {
    "required_columns": ["first_name", "last_name", "email", "date_of_birth"],
    "default_values": {"gender": "Not Specified", "registration_date": "2020-01-01"},
    "validations": {
      "email": {"regex": "^[\\w.-]+@[\\w.-]+\\.\\w{2,4}$", "type":  "email"},
      "phone_number": {"regex": "^\\+?[0-9]{10,15}$", "type": "phone_number"},
      "income": {"min_value": 1000, "max_value": 1000000}
    },
    "distributions": {"income": "lognormal", "gender": {"values": ["Male", "Female", "Other", "Not Specified"], "probabilities": [0.45, 0.45, 0.05, 0.05]}},
    "dependencies": {"income": {"depends_on": "age", "rules": {"if age < 25 then income": "<= 30000", "if age >= 25 and age <= 50 then income": "30000-100000", "if age > 50 then income": "> 100000"}}
    },
    "unique_constraints": [
    ["email"],
    ["phone_number"]
    ],
    "formatting": {"date_of_birth": "YYYY-MM-DD", "registration_date": "YYYY-MM-DD"},
    "null_ratio": {"phone_number": 0.1, "income": 0.05},
    "sensitivity": {"email": "PII", "phone_number": "PII", "income": "FINANCIAL"}
    },
    "row_count": 5000,
    "locale": "en_US"
}
