{
  "tables": [
    {
      "table_name": "customer",
      "columns": [
        {
          "name": "customer_id",
          "type": "int",
          "nullable": false,
          "constraints": ["PK"]
        },
        {
          "name": "customer_name",
          "type": "str",
          "nullable": false,
          "rule": "name"
        },
        {
          "name": "email",
          "type": "str",
          "nullable": false,
          "rule": {
            "type": "email",
            "regex": "^[\\w.-]+@[\\w.-]+\\.\\w{2,4}$"
          }
        },
        {
          "name": "country",
          "type": "str",
          "nullable": false,
          "rule": "country"
        },
        {
          "name": "age",
          "type": "int",
          "nullable": false,
          "rule": {
            "type": "range",
            "min": 18,
            "max": 90
          }
        },
        {
          "name": "is_premium",
          "type": "bool",
          "nullable": false,
          "conditional_rules": [
            {
              "when": [
                { "column": "age", "operator": "equals", "value": 65 }
              ],
              "then": { "rule": "bool" }
            }
          ]
        },
        {
          "name": "customer_tier",
          "type": "str",
          "nullable": false,
          "conditional_rules": [
            {
              "when": [
                { "column": "is_premium", "operator": "equals", "value": true }
              ],
              "then": { "rule": "word" }
            }
          ]
        }
      ]
    },
    {
      "table_name": "orders",
      "columns": [
        {
          "name": "order_id",
          "type": "int",
          "nullable": false,
          "constraints": ["PK"]
        },
        {
          "name": "customer_id",
          "type": "int",
          "nullable": false
        },
        {
          "name": "order_date",
          "type": "date",
          "nullable": false,
          "rule": {
            "type": "date_range",
            "start": "2020-01-01",
            "end": "2023-12-31"
          }
        },
        {
          "name": "order_status",
          "type": "str",
          "nullable": false,
          "conditional_rules": [
            {
              "when": [
                { "column": "order_date", "operator": "equals", "value": "2020-01-01" }
              ],
              "then": { "rule": "word" }
            }
          ]
        },
        {
          "name": "amount",
          "type": "float",
          "nullable": false,
          "rule": {
            "type": "range",
            "min": 50.00,
            "max": 1000.00
          }
        },
        {
          "name": "is_discount_applied",
          "type": "bool",
          "nullable": true
        }
      ],
      "foreign_keys": [
        {
          "parent_table": "customer",
          "parent_column": "customer_id",
          "child_column": "customer_id"
        }
      ]
    }
  ],
  "row_count": 100,
  "output_format": "csv"
}
